experiment,plate,well,row,col,abs600,neon_btm,neon_top,crim_btm,crim_top,readtime
2023-12_priorityeffects2,PlateA-T0-dipped-Trial2_cropped,A1,A,1,0.1627,53595,118126,57322,164327,7
2023-12_priorityeffects2,PlateA-T0-dipped-Trial2_cropped,A2,A,2,0.2063,18439,55915,119449,334466,7
2023-12_priorityeffects2,PlateA-T0-dipped-Trial2_cropped,A3,A,3,0.1574,6613,25768,71571,269405,7
2023-12_priorityeffects2,PlateA-T0-dipped-Trial2_cropped,A4,A,4,0.1869,13966,49725,67909,259178,7
2023-12_priorityeffects2,PlateA-T0-dipped-Trial2_cropped,A5,A,5,0.1372,3575,19298,62319,237605,7
2023-12_priorityeffects2,PlateA-T0-dipped-Trial2_cropped,A6,A,6,0.1249,36696,174105,25534,196778,7
2023-12_priorityeffects2,PlateA-T0-dipped-Trial2_cropped,A7,A,7,0.1556,16457,98182,80393,427785,7
2023-12_priorityeffects2,PlateA-T0-dipped-Trial2_cropped,A8,A,8,0.1409,8636,57283,86337,460920,7
2023-12_priorityeffects2,PlateA-T0-dipped-Trial2_cropped,A9,A,9,0.1258,5195,37579,49493,504680,7
2023-12_priorityeffects2,PlateA-T0-dipped-Trial2_cropped,A10,A,10,0.1414,4116,40325,56231,465043,7
2023-12_priorityeffects2,PlateA-T0-dipped-Trial2_cropped,A11,A,11,0.1643,6275,32090,96342,472587,7
2023-12_priorityeffects2,PlateA-T0-dipped-Trial2_cropped,A12,A,12,0.1381,4454,20334,104961,278789,7
2023-12_priorityeffects2,PlateA-T0-dipped-Trial2_cropped,B1,B,1,0.1469,7630,24821,54678,148874,7
2023-12_priorityeffects2,PlateA-T0-dipped-Trial2_cropped,B2,B,2,0.1661,17350,47235,74334,240486,7
2023-12_priorityeffects2,PlateA-T0-dipped-Trial2_cropped,B3,B,3,0.1905,6818,35470,108265,444494,7
2023-12_priorityeffects2,PlateA-T0-dipped-Trial2_cropped,B4,B,4,0.171,21395,79275,89406,342163,7
2023-12_priorityeffects2,PlateA-T0-dipped-Trial2_cropped,B5,B,5,0.1314,3846,22207,46864,176012,7
2023-12_priorityeffects2,PlateA-T0-dipped-Trial2_cropped,B6,B,6,0.2199,32868,204320,83481,354447,7
2023-12_priorityeffects2,PlateA-T0-dipped-Trial2_cropped,B7,B,7,0.1325,17682,109236,48730,254295,7
2023-12_priorityeffects2,PlateA-T0-dipped-Trial2_cropped,B8,B,8,0.1722,20656,132539,90201,370642,7
2023-12_priorityeffects2,PlateA-T0-dipped-Trial2_cropped,B9,B,9,0.1488,21324,158457,66772,392718,7
2023-12_priorityeffects2,PlateA-T0-dipped-Trial2_cropped,B10,B,10,0.2313,89618,273590,96100,262749,7
2023-12_priorityeffects2,PlateA-T0-dipped-Trial2_cropped,B11,B,11,0.2239,301025,761138,75095,183090,7
2023-12_priorityeffects2,PlateA-T0-dipped-Trial2_cropped,B12,B,12,0.1964,153940,365543,128274,234043,7
2023-12_priorityeffects2,PlateA-T0-dipped-Trial2_cropped,C1,C,1,0.1846,5471,23788,86627,261809,7
2023-12_priorityeffects2,PlateA-T0-dipped-Trial2_cropped,C2,C,2,0.1365,4728,19602,37958,161342,7
2023-12_priorityeffects2,PlateA-T0-dipped-Trial2_cropped,C3,C,3,0.1739,8848,33212,70817,290881,7
2023-12_priorityeffects2,PlateA-T0-dipped-Trial2_cropped,C4,C,4,0.1664,7699,33064,71903,403872,7
2023-12_priorityeffects2,PlateA-T0-dipped-Trial2_cropped,C5,C,5,0.202,10805,43374,125236,629298,7
2023-12_priorityeffects2,PlateA-T0-dipped-Trial2_cropped,C6,C,6,0.2388,5741,35001,99651,495026,7
2023-12_priorityeffects2,PlateA-T0-dipped-Trial2_cropped,C7,C,7,0.1597,5876,43745,89953,483056,7
2023-12_priorityeffects2,PlateA-T0-dipped-Trial2_cropped,C8,C,8,0.1517,4391,32396,69491,429226,7
2023-12_priorityeffects2,PlateA-T0-dipped-Trial2_cropped,C9,C,9,0.1755,4864,49778,108545,716496,7
2023-12_priorityeffects2,PlateA-T0-dipped-Trial2_cropped,C10,C,10,0.1801,4797,40507,108819,666184,7
2023-12_priorityeffects2,PlateA-T0-dipped-Trial2_cropped,C11,C,11,0.16,5268,31149,82425,516369,7
2023-12_priorityeffects2,PlateA-T0-dipped-Trial2_cropped,C12,C,12,0.1373,7161,19529,106682,359959,7
2023-12_priorityeffects2,PlateA-T0-dipped-Trial2_cropped,D1,D,1,0.1577,3649,15070,50930,121220,7
2023-12_priorityeffects2,PlateA-T0-dipped-Trial2_cropped,D2,D,2,0.1331,8514,41699,37992,180911,7
2023-12_priorityeffects2,PlateA-T0-dipped-Trial2_cropped,D3,D,3,0.1877,4797,27724,87832,333828,7
2023-12_priorityeffects2,PlateA-T0-dipped-Trial2_cropped,D4,D,4,0.1646,5810,25323,56581,223801,7
2023-12_priorityeffects2,PlateA-T0-dipped-Trial2_cropped,D5,D,5,0.1666,5880,33660,87293,394317,7
2023-12_priorityeffects2,PlateA-T0-dipped-Trial2_cropped,D6,D,6,0.1275,3311,21328,33141,203008,7
2023-12_priorityeffects2,PlateA-T0-dipped-Trial2_cropped,D7,D,7,0.1725,6079,40594,113153,563514,7
2023-12_priorityeffects2,PlateA-T0-dipped-Trial2_cropped,D8,D,8,0.1506,5405,36881,85678,446751,7
2023-12_priorityeffects2,PlateA-T0-dipped-Trial2_cropped,D9,D,9,0.1754,5405,35224,109117,532780,7
2023-12_priorityeffects2,PlateA-T0-dipped-Trial2_cropped,D10,D,10,0.1484,5135,34276,83776,518392,7
2023-12_priorityeffects2,PlateA-T0-dipped-Trial2_cropped,D11,D,11,0.1525,4931,36684,89156,447404,7
2023-12_priorityeffects2,PlateA-T0-dipped-Trial2_cropped,D12,D,12,0.1362,4798,22710,76967,359829,7
2023-12_priorityeffects2,PlateA-T0-dipped-Trial2_cropped,E1,E,1,0.1265,197308,719603,807,3726,7
2023-12_priorityeffects2,PlateA-T0-dipped-Trial2_cropped,E2,E,2,0.1336,182209,609787,808,2664,7
2023-12_priorityeffects2,PlateA-T0-dipped-Trial2_cropped,E3,E,3,0.1967,426804,1615079,539,3464,7
2023-12_priorityeffects2,PlateA-T0-dipped-Trial2_cropped,E4,E,4,0.12,136089,528356,1886,3997,7
2023-12_priorityeffects2,PlateA-T0-dipped-Trial2_cropped,E5,E,5,0.1411,202979,878482,1078,4796,7
2023-12_priorityeffects2,PlateA-T0-dipped-Trial2_cropped,E6,E,6,0.1899,457563,1835841,1078,5596,7
2023-12_priorityeffects2,PlateA-T0-dipped-Trial2_cropped,E7,E,7,0.1668,242624,1100082,808,2665,7
2023-12_priorityeffects2,PlateA-T0-dipped-Trial2_cropped,E8,E,8,0.1651,308885,1225233,1078,3465,7
2023-12_priorityeffects2,PlateA-T0-dipped-Trial2_cropped,E9,E,9,0.1681,333557,1019692,1078,3465,7
2023-12_priorityeffects2,PlateA-T0-dipped-Trial2_cropped,E10,E,10,0.2099,298109,905889,809,4531,7
2023-12_priorityeffects2,PlateA-T0-dipped-Trial2_cropped,E11,E,11,0.2915,1024840,1168511,1347,1866,7
2023-12_priorityeffects2,PlateA-T0-dipped-Trial2_cropped,E12,E,12,0.1286,191326,482192,1617,2132,7
2023-12_priorityeffects2,PlateA-T0-dipped-Trial2_cropped,F1,F,1,0.1942,449933,887952,539,2398,7
2023-12_priorityeffects2,PlateA-T0-dipped-Trial2_cropped,F2,F,2,0.1442,172949,816000,270,3731,7
2023-12_priorityeffects2,PlateA-T0-dipped-Trial2_cropped,F3,F,3,0.143,179790,627767,809,3464,7
2023-12_priorityeffects2,PlateA-T0-dipped-Trial2_cropped,F4,F,4,0.1278,147787,708792,539,2931,7
2023-12_priorityeffects2,PlateA-T0-dipped-Trial2_cropped,F5,F,5,0.1435,179219,801481,1348,3997,7
2023-12_priorityeffects2,PlateA-T0-dipped-Trial2_cropped,F6,F,6,0.1637,249111,1155272,809,3464,7
2023-12_priorityeffects2,PlateA-T0-dipped-Trial2_cropped,F7,F,7,0.1513,215209,1008257,1078,4530,7
2023-12_priorityeffects2,PlateA-T0-dipped-Trial2_cropped,F8,F,8,0.1713,318179,1289679,809,4797,7
2023-12_priorityeffects2,PlateA-T0-dipped-Trial2_cropped,F9,F,9,0.1224,124269,825390,1617,3197,7
2023-12_priorityeffects2,PlateA-T0-dipped-Trial2_cropped,F10,F,10,0.1779,365530,1260749,1348,5062,7
2023-12_priorityeffects2,PlateA-T0-dipped-Trial2_cropped,F11,F,11,0.152,301255,833969,1617,2397,7
2023-12_priorityeffects2,PlateA-T0-dipped-Trial2_cropped,F12,F,12,0.1405,317086,873324,808,1597,7
2023-12_priorityeffects2,PlateA-T0-dipped-Trial2_cropped,G1,G,1,0.1148,69388,504249,269,2396,7
2023-12_priorityeffects2,PlateA-T0-dipped-Trial2_cropped,G2,G,2,0.1301,78035,531839,1348,4263,7
2023-12_priorityeffects2,PlateA-T0-dipped-Trial2_cropped,G3,G,3,0.137,70240,430829,270,2665,7
2023-12_priorityeffects2,PlateA-T0-dipped-Trial2_cropped,G4,G,4,0.0809,2569,15350,1348,3731,7
2023-12_priorityeffects2,PlateA-T0-dipped-Trial2_cropped,G5,G,5,0.0802,2704,13076,2157,3998,7
2023-12_priorityeffects2,PlateA-T0-dipped-Trial2_cropped,G6,G,6,0.0793,2366,13697,1887,5064,7
2023-12_priorityeffects2,PlateA-T0-dipped-Trial2_cropped,G7,G,7,0.0788,2705,14457,1887,3199,7
2023-12_priorityeffects2,PlateA-T0-dipped-Trial2_cropped,G8,G,8,0.0798,1893,14183,270,3199,7
2023-12_priorityeffects2,PlateA-T0-dipped-Trial2_cropped,G9,G,9,0.0793,3178,12047,1348,3732,7
2023-12_priorityeffects2,PlateA-T0-dipped-Trial2_cropped,G10,G,10,0.105,3312,15766,1618,2399,7
2023-12_priorityeffects2,PlateA-T0-dipped-Trial2_cropped,G11,G,11,0.0785,2637,11843,809,3732,7
2023-12_priorityeffects2,PlateA-T0-dipped-Trial2_cropped,G12,G,12,0.0779,1961,10809,1348,1599,7
2023-12_priorityeffects2,PlateA-T0-dipped-Trial2_cropped,H1,H,1,0.1149,63148,243075,1348,4532,7
2023-12_priorityeffects2,PlateA-T0-dipped-Trial2_cropped,H2,H,2,0.103,67409,459505,809,3999,7
2023-12_priorityeffects2,PlateA-T0-dipped-Trial2_cropped,H3,H,3,0.1045,46862,426571,1348,4798,7
2023-12_priorityeffects2,PlateA-T0-dipped-Trial2_cropped,H4,H,4,0.082,2636,11637,1348,1866,7
2023-12_priorityeffects2,PlateA-T0-dipped-Trial2_cropped,H5,H,5,0.0798,3178,14533,539,2665,7
2023-12_priorityeffects2,PlateA-T0-dipped-Trial2_cropped,H6,H,6,0.0796,2095,13496,539,3999,7
2023-12_priorityeffects2,PlateA-T0-dipped-Trial2_cropped,H7,H,7,0.0781,3245,11637,1888,5598,7
2023-12_priorityeffects2,PlateA-T0-dipped-Trial2_cropped,H8,H,8,0.0782,2839,9848,2427,2665,7
2023-12_priorityeffects2,PlateA-T0-dipped-Trial2_cropped,H9,H,9,0.0767,3110,11984,1618,1333,7
2023-12_priorityeffects2,PlateA-T0-dipped-Trial2_cropped,H10,H,10,0.0782,1826,11982,809,3198,7
2023-12_priorityeffects2,PlateA-T0-dipped-Trial2_cropped,H11,H,11,0.0778,3583,11499,270,3197,7
2023-12_priorityeffects2,PlateA-T0-dipped-Trial2_cropped,H12,H,12,0.081,2502,10058,1347,3727,7
2023-12_priorityeffects2,PlatB-T0-Mixed-Trial2_cropped,A1,A,1,0.093,202753,780527,2378,5150,7
2023-12_priorityeffects2,PlatB-T0-Mixed-Trial2_cropped,A2,A,2,0.0929,61032,402843,1863,8815,7
2023-12_priorityeffects2,PlatB-T0-Mixed-Trial2_cropped,A3,A,3,0.0994,43456,470746,3203,11959,7
2023-12_priorityeffects2,PlatB-T0-Mixed-Trial2_cropped,A4,A,4,0.099,46558,327873,2406,7030,7
2023-12_priorityeffects2,PlatB-T0-Mixed-Trial2_cropped,A5,A,5,0.096,39045,278762,3745,9641,7
2023-12_priorityeffects2,PlatB-T0-Mixed-Trial2_cropped,A6,A,6,0.0975,64140,314585,2677,7300,7
2023-12_priorityeffects2,PlatB-T0-Mixed-Trial2_cropped,A7,A,7,0.1063,14548,60894,25704,97802,7
2023-12_priorityeffects2,PlatB-T0-Mixed-Trial2_cropped,A8,A,8,0.0959,4670,17962,19015,74607,7
2023-12_priorityeffects2,PlatB-T0-Mixed-Trial2_cropped,A9,A,9,0.1006,5211,20945,21430,94196,7
2023-12_priorityeffects2,PlatB-T0-Mixed-Trial2_cropped,A10,A,10,0.1022,4331,22194,15540,70720,7
2023-12_priorityeffects2,PlatB-T0-Mixed-Trial2_cropped,A11,A,11,0.0962,5752,28508,12595,62902,7
2023-12_priorityeffects2,PlatB-T0-Mixed-Trial2_cropped,A12,A,12,0.0936,6769,28427,13936,42543,7
2023-12_priorityeffects2,PlatB-T0-Mixed-Trial2_cropped,B1,B,1,0.0986,79093,586102,2681,11225,7
2023-12_priorityeffects2,PlatB-T0-Mixed-Trial2_cropped,B2,B,2,0.091,30753,375936,2145,9919,7
2023-12_priorityeffects2,PlatB-T0-Mixed-Trial2_cropped,B3,B,3,0.1038,78499,652000,4826,14356,7
2023-12_priorityeffects2,PlatB-T0-Mixed-Trial2_cropped,B4,B,4,0.1034,83584,845493,4825,26624,7
2023-12_priorityeffects2,PlatB-T0-Mixed-Trial2_cropped,B5,B,5,0.0992,71249,475787,6434,19575,7
2023-12_priorityeffects2,PlatB-T0-Mixed-Trial2_cropped,B6,B,6,0.1081,86674,707005,3217,18012,7
2023-12_priorityeffects2,PlatB-T0-Mixed-Trial2_cropped,B7,B,7,0.1038,5688,32718,21443,165761,7
2023-12_priorityeffects2,PlatB-T0-Mixed-Trial2_cropped,B8,B,8,0.1099,4808,27390,25996,114845,7
2023-12_priorityeffects2,PlatB-T0-Mixed-Trial2_cropped,B9,B,9,0.1022,7041,41549,14471,111444,7
2023-12_priorityeffects2,PlatB-T0-Mixed-Trial2_cropped,B10,B,10,0.0989,5755,28919,20902,130479,7
2023-12_priorityeffects2,PlatB-T0-Mixed-Trial2_cropped,B11,B,11,0.1222,12865,81357,36973,231433,7
2023-12_priorityeffects2,PlatB-T0-Mixed-Trial2_cropped,B12,B,12,0.1047,33795,209790,22758,94668,7
2023-12_priorityeffects2,PlatB-T0-Mixed-Trial2_cropped,C1,C,1,0.1072,98389,567536,4823,17481,7
2023-12_priorityeffects2,PlatB-T0-Mixed-Trial2_cropped,C2,C,2,0.0996,91800,685811,4021,12265,7
2023-12_priorityeffects2,PlatB-T0-Mixed-Trial2_cropped,C3,C,3,0.1222,151455,913070,6166,26366,7
2023-12_priorityeffects2,PlatB-T0-Mixed-Trial2_cropped,C4,C,4,0.1006,88489,835136,6972,21670,7
2023-12_priorityeffects2,PlatB-T0-Mixed-Trial2_cropped,C5,C,5,0.0998,66737,584659,4827,13837,7
2023-12_priorityeffects2,PlatB-T0-Mixed-Trial2_cropped,C6,C,6,0.0903,27776,337196,1877,13315,7
2023-12_priorityeffects2,PlatB-T0-Mixed-Trial2_cropped,C7,C,7,0.1175,21274,131588,38086,248048,7
2023-12_priorityeffects2,PlatB-T0-Mixed-Trial2_cropped,C8,C,8,0.104,20868,123756,8315,57702,7
2023-12_priorityeffects2,PlatB-T0-Mixed-Trial2_cropped,C9,C,9,0.1195,4472,30074,56862,423330,7
2023-12_priorityeffects2,PlatB-T0-Mixed-Trial2_cropped,C10,C,10,0.1102,7656,47071,12337,149870,7
2023-12_priorityeffects2,PlatB-T0-Mixed-Trial2_cropped,C11,C,11,0.1048,24322,184049,24140,118537,7
2023-12_priorityeffects2,PlatB-T0-Mixed-Trial2_cropped,C12,C,12,0.0966,3185,24397,17704,133171,7
2023-12_priorityeffects2,PlatB-T0-Mixed-Trial2_cropped,D1,D,1,0.0926,60065,326175,3219,6527,7
2023-12_priorityeffects2,PlatB-T0-Mixed-Trial2_cropped,D2,D,2,0.0968,80681,659653,3755,21671,7
2023-12_priorityeffects2,PlatB-T0-Mixed-Trial2_cropped,D3,D,3,0.1067,175163,759328,3755,24801,7
2023-12_priorityeffects2,PlatB-T0-Mixed-Trial2_cropped,D4,D,4,0.0885,39116,286874,1341,5221,7
2023-12_priorityeffects2,PlatB-T0-Mixed-Trial2_cropped,D5,D,5,0.0974,49143,343719,3219,9398,7
2023-12_priorityeffects2,PlatB-T0-Mixed-Trial2_cropped,D6,D,6,0.0988,86014,708733,3487,13838,7
2023-12_priorityeffects2,PlatB-T0-Mixed-Trial2_cropped,D7,D,7,0.0923,3999,30428,9387,83545,7
2023-12_priorityeffects2,PlatB-T0-Mixed-Trial2_cropped,D8,D,8,0.1094,8473,61768,28695,243592,7
2023-12_priorityeffects2,PlatB-T0-Mixed-Trial2_cropped,D9,D,9,0.1166,34774,162666,34595,257704,7
2023-12_priorityeffects2,PlatB-T0-Mixed-Trial2_cropped,D10,D,10,0.1204,17216,89093,52022,335992,7
2023-12_priorityeffects2,PlatB-T0-Mixed-Trial2_cropped,D11,D,11,0.1016,10709,69883,13674,83787,7
2023-12_priorityeffects2,PlatB-T0-Mixed-Trial2_cropped,D12,D,12,0.1078,9285,38072,31079,156541,7
2023-12_priorityeffects2,PlatB-T0-Mixed-Trial2_cropped,E1,E,1,0.1087,4136,30197,37536,308258,7
2023-12_priorityeffects2,PlatB-T0-Mixed-Trial2_cropped,E2,E,2,0.0964,2847,17742,13143,119029,7
2023-12_priorityeffects2,PlatB-T0-Mixed-Trial2_cropped,E3,E,3,0.0981,2847,19058,16633,107307,7
2023-12_priorityeffects2,PlatB-T0-Mixed-Trial2_cropped,E4,E,4,0.0966,2711,20995,10195,117248,7
2023-12_priorityeffects2,PlatB-T0-Mixed-Trial2_cropped,E5,E,5,0.0952,2779,18504,11805,109672,7
2023-12_priorityeffects2,PlatB-T0-Mixed-Trial2_cropped,E6,E,6,0.0946,2576,17257,11269,104972,7
2023-12_priorityeffects2,PlatB-T0-Mixed-Trial2_cropped,E7,E,7,0.099,2644,16487,7512,105760,7
2023-12_priorityeffects2,PlatB-T0-Mixed-Trial2_cropped,E8,E,8,0.0988,2373,16980,9123,100541,7
2023-12_priorityeffects2,PlatB-T0-Mixed-Trial2_cropped,E9,E,9,0.0963,2712,16906,10465,99753,7
2023-12_priorityeffects2,PlatB-T0-Mixed-Trial2_cropped,E10,E,10,0.0895,3186,17741,10197,87480,7
2023-12_priorityeffects2,PlatB-T0-Mixed-Trial2_cropped,E11,E,11,0.0975,3728,19959,30323,152510,7
2023-12_priorityeffects2,PlatB-T0-Mixed-Trial2_cropped,E12,E,12,0.0981,1966,18983,28444,163217,7
2023-12_priorityeffects2,PlatB-T0-Mixed-Trial2_cropped,F1,F,1,0.0998,3661,13925,13420,81731,7
2023-12_priorityeffects2,PlatB-T0-Mixed-Trial2_cropped,F2,F,2,0.0991,3865,18362,11539,105237,7
2023-12_priorityeffects2,PlatB-T0-Mixed-Trial2_cropped,F3,F,3,0.1082,2170,17598,11270,135260,7
2023-12_priorityeffects2,PlatB-T0-Mixed-Trial2_cropped,F4,F,4,0.1,2916,17948,11001,132124,7
2023-12_priorityeffects2,PlatB-T0-Mixed-Trial2_cropped,F5,F,5,0.0992,3254,17953,12613,138907,7
2023-12_priorityeffects2,PlatB-T0-Mixed-Trial2_cropped,F6,F,6,0.0975,2306,17738,11806,105750,7
2023-12_priorityeffects2,PlatB-T0-Mixed-Trial2_cropped,F7,F,7,0.0978,2441,16907,9659,99747,7
2023-12_priorityeffects2,PlatB-T0-Mixed-Trial2_cropped,F8,F,8,0.101,2237,16977,9122,93464,7
2023-12_priorityeffects2,PlatB-T0-Mixed-Trial2_cropped,F9,F,9,0.1001,3187,17674,10464,98166,7
2023-12_priorityeffects2,PlatB-T0-Mixed-Trial2_cropped,F10,F,10,0.0995,3254,19685,28168,203633,7
2023-12_priorityeffects2,PlatB-T0-Mixed-Trial2_cropped,F11,F,11,0.1007,4136,19058,32454,245386,7
2023-12_priorityeffects2,PlatB-T0-Mixed-Trial2_cropped,F12,F,12,0.1033,3458,18369,37260,192544,7
2023-12_priorityeffects2,PlatB-T0-Mixed-Trial2_cropped,G1,G,1,0.1042,3323,17455,13140,84566,7
2023-12_priorityeffects2,PlatB-T0-Mixed-Trial2_cropped,G2,G,2,0.1043,2916,18430,12878,121115,7
2023-12_priorityeffects2,PlatB-T0-Mixed-Trial2_cropped,G3,G,3,0.1017,2305,19603,13954,131331,7
2023-12_priorityeffects2,PlatB-T0-Mixed-Trial2_cropped,G4,G,4,0.1002,2034,18563,15299,137104,7
2023-12_priorityeffects2,PlatB-T0-Mixed-Trial2_cropped,G5,G,5,0.1025,2577,17733,14492,136324,7
2023-12_priorityeffects2,PlatB-T0-Mixed-Trial2_cropped,G6,G,6,0.0994,3120,20157,15299,120912,7
2023-12_priorityeffects2,PlatB-T0-Mixed-Trial2_cropped,G7,G,7,0.098,1763,18354,13153,99756,7
2023-12_priorityeffects2,PlatB-T0-Mixed-Trial2_cropped,G8,G,8,0.0986,2305,16969,8321,113607,7
2023-12_priorityeffects2,PlatB-T0-Mixed-Trial2_cropped,G9,G,9,0.0976,2577,18008,7784,116744,7
2023-12_priorityeffects2,PlatB-T0-Mixed-Trial2_cropped,G10,G,10,0.1178,3458,22444,62280,285228,7
2023-12_priorityeffects2,PlatB-T0-Mixed-Trial2_cropped,G11,G,11,0.1039,4610,20778,37852,254653,7
2023-12_priorityeffects2,PlatB-T0-Mixed-Trial2_cropped,G12,G,12,0.1044,3662,17662,59865,281296,7
2023-12_priorityeffects2,PlatB-T0-Mixed-Trial2_cropped,H1,H,1,0.1056,3052,14680,12619,79132,7
2023-12_priorityeffects2,PlatB-T0-Mixed-Trial2_cropped,H2,H,2,0.1039,2374,17172,15571,106040,7
2023-12_priorityeffects2,PlatB-T0-Mixed-Trial2_cropped,H3,H,3,0.1038,2984,18832,10469,135553,7
2023-12_priorityeffects2,PlatB-T0-Mixed-Trial2_cropped,H4,H,4,0.1056,2916,19391,15303,141018,7
2023-12_priorityeffects2,PlatB-T0-Mixed-Trial2_cropped,H5,H,5,0.1032,2780,21125,16644,147815,7
2023-12_priorityeffects2,PlatB-T0-Mixed-Trial2_cropped,H6,H,6,0.1027,3662,15929,15033,138407,7
2023-12_priorityeffects2,PlatB-T0-Mixed-Trial2_cropped,H7,H,7,0.1021,3052,16134,15837,117525,7
2023-12_priorityeffects2,PlatB-T0-Mixed-Trial2_cropped,H8,H,8,0.1032,2848,14958,11274,101843,7
2023-12_priorityeffects2,PlatB-T0-Mixed-Trial2_cropped,H9,H,9,0.0998,3594,16138,17983,104181,7
2023-12_priorityeffects2,PlatB-T0-Mixed-Trial2_cropped,H10,H,10,0.0926,2509,19256,22544,154313,7
2023-12_priorityeffects2,PlatB-T0-Mixed-Trial2_cropped,H11,H,11,0.1107,3730,18357,41590,200235,7
2023-12_priorityeffects2,PlatB-T0-Mixed-Trial2_cropped,H12,H,12,0.1086,3865,14065,52288,112710,7
2023-12_priorityeffects2,PlateC-T2-Trial2_cropped,A1,A,1,0.0987,6148,24200,17234,69217,7
2023-12_priorityeffects2,PlateC-T2-Trial2_cropped,A2,A,2,0.0977,5250,27020,22782,139434,7
2023-12_priorityeffects2,PlateC-T2-Trial2_cropped,A3,A,3,0.1246,21390,89920,37266,203838,7
2023-12_priorityeffects2,PlateC-T2-Trial2_cropped,A4,A,4,0.0997,5210,22385,15527,74623,7
2023-12_priorityeffects2,PlateC-T2-Trial2_cropped,A5,A,5,0.1564,12788,37392,75520,265729,7
2023-12_priorityeffects2,PlateC-T2-Trial2_cropped,A6,A,6,0.0928,4871,22382,12548,99358,7
2023-12_priorityeffects2,PlateC-T2-Trial2_cropped,A7,A,7,0.1715,98518,286304,85417,166300,7
2023-12_priorityeffects2,PlateC-T2-Trial2_cropped,A8,A,8,0.1607,116343,273958,71512,113802,7
2023-12_priorityeffects2,PlateC-T2-Trial2_cropped,A9,A,9,0.1282,62241,183285,26206,84001,7
2023-12_priorityeffects2,PlateC-T2-Trial2_cropped,A10,A,10,0.161,153154,386730,58163,103796,7
2023-12_priorityeffects2,PlateC-T2-Trial2_cropped,A11,A,11,0.1361,4939,16770,122345,236376,7
2023-12_priorityeffects2,PlateC-T2-Trial2_cropped,A12,A,12,0.0987,28150,140029,6827,32803,7
2023-12_priorityeffects2,PlateC-T2-Trial2_cropped,B1,B,1,0.0913,6364,27209,9289,30645,7
2023-12_priorityeffects2,PlateC-T2-Trial2_cropped,B2,B,2,0.1206,10495,35521,30322,150773,7
2023-12_priorityeffects2,PlateC-T2-Trial2_cropped,B3,B,3,0.1056,14691,104482,13112,93546,7
2023-12_priorityeffects2,PlateC-T2-Trial2_cropped,B4,B,4,0.1057,19496,123407,8195,97880,7
2023-12_priorityeffects2,PlateC-T2-Trial2_cropped,B5,B,5,0.1144,8732,53274,24039,177871,7
2023-12_priorityeffects2,PlateC-T2-Trial2_cropped,B6,B,6,0.1519,51384,198715,37154,201743,7
2023-12_priorityeffects2,PlateC-T2-Trial2_cropped,B7,B,7,0.1094,27545,287489,26221,151301,7
2023-12_priorityeffects2,PlateC-T2-Trial2_cropped,B8,B,8,0.1008,40281,197496,8192,28192,7
2023-12_priorityeffects2,PlateC-T2-Trial2_cropped,B9,B,9,0.1249,65391,447936,28131,99490,7
2023-12_priorityeffects2,PlateC-T2-Trial2_cropped,B10,B,10,0.1341,54759,256483,47242,135521,7
2023-12_priorityeffects2,PlateC-T2-Trial2_cropped,B11,B,11,0.1213,37098,144892,24572,82921,7
2023-12_priorityeffects2,PlateC-T2-Trial2_cropped,B12,B,12,0.1089,15766,45463,23188,54703,7
2023-12_priorityeffects2,PlateC-T2-Trial2_cropped,C1,C,1,0.1084,3724,16178,26477,107843,7
2023-12_priorityeffects2,PlateC-T2-Trial2_cropped,C2,C,2,0.0935,2979,17728,17208,92457,7
2023-12_priorityeffects2,PlateC-T2-Trial2_cropped,C3,C,3,0.1082,3453,21527,33329,228379,7
2023-12_priorityeffects2,PlateC-T2-Trial2_cropped,C4,C,4,0.1294,4198,24106,50270,343456,7
2023-12_priorityeffects2,PlateC-T2-Trial2_cropped,C5,C,5,0.1375,3182,15906,68301,193944,7
2023-12_priorityeffects2,PlateC-T2-Trial2_cropped,C6,C,6,0.1022,3250,19091,16940,104706,7
2023-12_priorityeffects2,PlateC-T2-Trial2_cropped,C7,C,7,0.1006,3386,31761,12569,85723,7
2023-12_priorityeffects2,PlateC-T2-Trial2_cropped,C8,C,8,0.0908,3521,35957,12842,101463,7
2023-12_priorityeffects2,PlateC-T2-Trial2_cropped,C9,C,9,0.1134,5012,59167,39893,328038,7
2023-12_priorityeffects2,PlateC-T2-Trial2_cropped,C10,C,10,0.109,5214,31150,35250,263972,7
2023-12_priorityeffects2,PlateC-T2-Trial2_cropped,C11,C,11,0.1188,6094,29050,46726,243114,7
2023-12_priorityeffects2,PlateC-T2-Trial2_cropped,C12,C,12,0.1136,4672,22549,47281,195342,7
2023-12_priorityeffects2,PlateC-T2-Trial2_cropped,D1,D,1,0.1204,2371,20257,21588,152208,7
2023-12_priorityeffects2,PlateC-T2-Trial2_cropped,D2,D,2,0.1026,2913,15785,19674,135945,7
2023-12_priorityeffects2,PlateC-T2-Trial2_cropped,D3,D,3,0.0963,3049,16866,9016,98483,7
2023-12_priorityeffects2,PlateC-T2-Trial2_cropped,D4,D,4,0.0986,2371,16462,8743,85725,7
2023-12_priorityeffects2,PlateC-T2-Trial2_cropped,D5,D,5,0.096,2371,17887,8744,84363,7
2023-12_priorityeffects2,PlateC-T2-Trial2_cropped,D6,D,6,0.0937,2032,16325,8198,71891,7
2023-12_priorityeffects2,PlateC-T2-Trial2_cropped,D7,D,7,0.0983,3184,32175,12295,136465,7
2023-12_priorityeffects2,PlateC-T2-Trial2_cropped,D8,D,8,0.1044,3726,37329,30600,239264,7
2023-12_priorityeffects2,PlateC-T2-Trial2_cropped,D9,D,9,0.0944,2303,18021,10929,74867,7
2023-12_priorityeffects2,PlateC-T2-Trial2_cropped,D10,D,10,0.0948,3658,17143,10108,66994,7
2023-12_priorityeffects2,PlateC-T2-Trial2_cropped,D11,D,11,0.0982,2507,19034,9834,76749,7
2023-12_priorityeffects2,PlateC-T2-Trial2_cropped,D12,D,12,0.0973,2643,16529,16104,90245,7
2023-12_priorityeffects2,PlateC-T2-Trial2_cropped,E1,E,1,0.1013,29953,199877,1092,3524,7
2023-12_priorityeffects2,PlateC-T2-Trial2_cropped,E2,E,2,0.1068,21139,151488,1639,2984,7
2023-12_priorityeffects2,PlateC-T2-Trial2_cropped,E3,E,3,0.0969,23508,249626,273,3527,7
2023-12_priorityeffects2,PlateC-T2-Trial2_cropped,E4,E,4,0.1072,23439,207875,1093,5156,7
2023-12_priorityeffects2,PlateC-T2-Trial2_cropped,E5,E,5,0.109,37055,240452,2187,4884,7
2023-12_priorityeffects2,PlateC-T2-Trial2_cropped,E6,E,6,0.1354,36183,263836,1367,6785,7
2023-12_priorityeffects2,PlateC-T2-Trial2_cropped,E7,E,7,0.0936,37332,220778,820,2714,7
2023-12_priorityeffects2,PlateC-T2-Trial2_cropped,E8,E,8,0.0843,33808,158097,820,2714,7
2023-12_priorityeffects2,PlateC-T2-Trial2_cropped,E9,E,9,0.1038,59080,341605,273,4342,7
2023-12_priorityeffects2,PlateC-T2-Trial2_cropped,E10,E,10,0.1108,81250,342777,1093,2171,7
2023-12_priorityeffects2,PlateC-T2-Trial2_cropped,E11,E,11,0.1272,94127,388955,0,3800,7
2023-12_priorityeffects2,PlateC-T2-Trial2_cropped,E12,E,12,0.0984,46278,150171,1640,3528,7
2023-12_priorityeffects2,PlateC-T2-Trial2_cropped,F1,F,1,0.1061,16604,132054,547,1900,7
2023-12_priorityeffects2,PlateC-T2-Trial2_cropped,F2,F,2,0.0982,24872,192118,547,4614,7
2023-12_priorityeffects2,PlateC-T2-Trial2_cropped,F3,F,3,0.0916,13553,135519,2460,3257,7
2023-12_priorityeffects2,PlateC-T2-Trial2_cropped,F4,F,4,0.0874,2033,15656,820,2985,7
2023-12_priorityeffects2,PlateC-T2-Trial2_cropped,F5,F,5,0.084,2304,14372,1367,5157,7
2023-12_priorityeffects2,PlateC-T2-Trial2_cropped,F6,F,6,0.0821,1355,12674,1367,3800,7
2023-12_priorityeffects2,PlateC-T2-Trial2_cropped,F7,F,7,0.1169,102328,433320,1093,4071,7
2023-12_priorityeffects2,PlateC-T2-Trial2_cropped,F8,F,8,0.0837,2439,15043,1093,4070,7
2023-12_priorityeffects2,PlateC-T2-Trial2_cropped,F9,F,9,0.0843,2575,14979,1093,2171,7
2023-12_priorityeffects2,PlateC-T2-Trial2_cropped,F10,F,10,0.0853,2982,13827,1913,3256,7
2023-12_priorityeffects2,PlateC-T2-Trial2_cropped,F11,F,11,0.0857,2168,12947,820,2442,7
2023-12_priorityeffects2,PlateC-T2-Trial2_cropped,F12,F,12,0.0854,1966,11520,1365,2982,7
2023-12_priorityeffects2,PlateC-T2-Trial2_cropped,G1,G,1,0.1175,3660,13081,546,3525,7
2023-12_priorityeffects2,PlateC-T2-Trial2_cropped,G2,G,2,0.1483,2033,15724,820,3527,7
2023-12_priorityeffects2,PlateC-T2-Trial2_cropped,G3,G,3,0.0769,2778,11790,1640,1628,7
2023-12_priorityeffects2,PlateC-T2-Trial2_cropped,G4,G,4,0.0767,2846,13619,1093,3257,7
2023-12_priorityeffects2,PlateC-T2-Trial2_cropped,G5,G,5,0.078,2168,11653,1093,2172,7
2023-12_priorityeffects2,PlateC-T2-Trial2_cropped,G6,G,6,0.077,3185,10775,1367,2986,7
2023-12_priorityeffects2,PlateC-T2-Trial2_cropped,G7,G,7,0.0764,2643,11521,1094,3529,7
2023-12_priorityeffects2,PlateC-T2-Trial2_cropped,G8,G,8,0.0828,2033,13825,547,3801,7
2023-12_priorityeffects2,PlateC-T2-Trial2_cropped,G9,G,9,0.0839,2236,13959,0,3258,7
2023-12_priorityeffects2,PlateC-T2-Trial2_cropped,G10,G,10,0.091,2237,13825,820,5429,7
2023-12_priorityeffects2,PlateC-T2-Trial2_cropped,G11,G,11,0.085,2779,13826,1914,4072,7
2023-12_priorityeffects2,PlateC-T2-Trial2_cropped,G12,G,12,0.0847,2101,12197,547,5158,7
2023-12_priorityeffects2,PlateC-T2-Trial2_cropped,H1,H,1,0.0853,2373,11659,1914,4073,7
2023-12_priorityeffects2,PlateC-T2-Trial2_cropped,H2,H,2,0.0834,2983,10709,1640,2986,7
2023-12_priorityeffects2,PlateC-T2-Trial2_cropped,H3,H,3,0.0864,1491,13963,1367,3529,7
2023-12_priorityeffects2,PlateC-T2-Trial2_cropped,H4,H,4,0.0875,2440,13016,1367,3801,7
2023-12_priorityeffects2,PlateC-T2-Trial2_cropped,H5,H,5,0.0865,2372,13832,1094,2986,7
2023-12_priorityeffects2,PlateC-T2-Trial2_cropped,H6,H,6,0.0843,2237,14032,820,1900,7
2023-12_priorityeffects2,PlateC-T2-Trial2_cropped,H7,H,7,0.0825,2576,12946,2460,3258,7
2023-12_priorityeffects2,PlateC-T2-Trial2_cropped,H8,H,8,0.0862,1762,13556,820,4887,7
2023-12_priorityeffects2,PlateC-T2-Trial2_cropped,H9,H,9,0.0861,1898,13490,1093,4886,7
2023-12_priorityeffects2,PlateC-T2-Trial2_cropped,H10,H,10,0.0864,2847,11252,1367,2714,7
2023-12_priorityeffects2,PlateC-T2-Trial2_cropped,H11,H,11,0.086,1559,11728,1366,1900,7
2023-12_priorityeffects2,PlateC-T2-Trial2_cropped,H12,H,12,0.0871,1831,12001,1092,4068,7
2023-12_priorityeffects2,PlateD-T3-Trial2_cropped,A1,A,1,0.098,9920,84613,6744,47234,7
2023-12_priorityeffects2,PlateD-T3-Trial2_cropped,A2,A,2,0.1085,41442,297920,1358,7109,7
2023-12_priorityeffects2,PlateD-T3-Trial2_cropped,A3,A,3,0.1193,9624,26340,52041,112704,7
2023-12_priorityeffects2,PlateD-T3-Trial2_cropped,A4,A,4,0.1055,28724,234248,2728,17575,7
2023-12_priorityeffects2,PlateD-T3-Trial2_cropped,A5,A,5,0.1049,33195,202656,2458,10993,7
2023-12_priorityeffects2,PlateD-T3-Trial2_cropped,A6,A,6,0.1068,32652,155920,3552,7150,7
2023-12_priorityeffects2,PlateD-T3-Trial2_cropped,A7,A,7,0.1161,108824,592565,3826,17332,7
2023-12_priorityeffects2,PlateD-T3-Trial2_cropped,A8,A,8,0.0979,69048,362665,4374,15135,7
2023-12_priorityeffects2,PlateD-T3-Trial2_cropped,A9,A,9,0.1155,73118,288937,10663,33593,7
2023-12_priorityeffects2,PlateD-T3-Trial2_cropped,A10,A,10,0.1185,103897,496278,6016,16519,7
2023-12_priorityeffects2,PlateD-T3-Trial2_cropped,A11,A,11,0.1235,173100,656841,16683,57272,7
2023-12_priorityeffects2,PlateD-T3-Trial2_cropped,A12,A,12,0.0986,67101,259150,4923,8806,7
2023-12_priorityeffects2,PlateD-T3-Trial2_cropped,B1,B,1,0.1247,6442,22906,48173,116543,7
2023-12_priorityeffects2,PlateD-T3-Trial2_cropped,B2,B,2,0.1233,33089,172639,13136,75762,7
2023-12_priorityeffects2,PlateD-T3-Trial2_cropped,B3,B,3,0.1164,28341,189181,4652,32235,7
2023-12_priorityeffects2,PlateD-T3-Trial2_cropped,B4,B,4,0.1073,9220,76974,23807,193394,7
2023-12_priorityeffects2,PlateD-T3-Trial2_cropped,B5,B,5,0.1156,9491,45468,30374,131409,7
2023-12_priorityeffects2,PlateD-T3-Trial2_cropped,B6,B,6,0.1221,6780,40513,31743,213793,7
2023-12_priorityeffects2,PlateD-T3-Trial2_cropped,B7,B,7,0.1166,3118,17887,29827,167221,7
2023-12_priorityeffects2,PlateD-T3-Trial2_cropped,B8,B,8,0.1086,100763,524663,1642,11293,7
2023-12_priorityeffects2,PlateD-T3-Trial2_cropped,B9,B,9,0.106,106099,541121,4104,11294,7
2023-12_priorityeffects2,PlateD-T3-Trial2_cropped,B10,B,10,0.1173,117759,780792,4924,19558,7
2023-12_priorityeffects2,PlateD-T3-Trial2_cropped,B11,B,11,0.1203,66164,560990,18053,110690,7
2023-12_priorityeffects2,PlateD-T3-Trial2_cropped,B12,B,12,0.0969,52672,222525,3006,8804,7
2023-12_priorityeffects2,PlateD-T3-Trial2_cropped,C1,C,1,0.1143,2985,17149,52487,151378,7
2023-12_priorityeffects2,PlateD-T3-Trial2_cropped,C2,C,2,0.1172,3595,19718,33921,221946,7
2023-12_priorityeffects2,PlateD-T3-Trial2_cropped,C3,C,3,0.121,3595,20532,47613,241534,7
2023-12_priorityeffects2,PlateD-T3-Trial2_cropped,C4,C,4,0.1155,4070,21004,34481,174376,7
2023-12_priorityeffects2,PlateD-T3-Trial2_cropped,C5,C,5,0.1184,2781,20325,36670,179632,7
2023-12_priorityeffects2,PlateD-T3-Trial2_cropped,C6,C,6,0.1086,4002,19449,38865,159495,7
2023-12_priorityeffects2,PlateD-T3-Trial2_cropped,C7,C,7,0.1272,4070,22975,46259,192003,7
2023-12_priorityeffects2,PlateD-T3-Trial2_cropped,C8,C,8,0.1217,4137,33889,51459,423989,7
2023-12_priorityeffects2,PlateD-T3-Trial2_cropped,C9,C,9,0.1217,4545,21411,28191,165859,7
2023-12_priorityeffects2,PlateD-T3-Trial2_cropped,C10,C,10,0.131,4002,21962,35584,257358,7
2023-12_priorityeffects2,PlateD-T3-Trial2_cropped,C11,C,11,0.1237,4206,26705,38320,288202,7
2023-12_priorityeffects2,PlateD-T3-Trial2_cropped,C12,C,12,0.1043,1900,17488,18613,167784,7
2023-12_priorityeffects2,PlateD-T3-Trial2_cropped,D1,D,1,0.1175,4750,18650,66808,246102,7
2023-12_priorityeffects2,PlateD-T3-Trial2_cropped,D2,D,2,0.1075,3325,16955,31486,136962,7
2023-12_priorityeffects2,PlateD-T3-Trial2_cropped,D3,D,3,0.1238,4344,21832,56122,206975,7
2023-12_priorityeffects2,PlateD-T3-Trial2_cropped,D4,D,4,0.1181,2375,20483,21628,144141,7
2023-12_priorityeffects2,PlateD-T3-Trial2_cropped,D5,D,5,0.1204,3596,18517,23274,144696,7
2023-12_priorityeffects2,PlateD-T3-Trial2_cropped,D6,D,6,0.1287,4004,19056,33950,183280,7
2023-12_priorityeffects2,PlateD-T3-Trial2_cropped,D7,D,7,0.1246,3460,24139,27650,217448,7
2023-12_priorityeffects2,PlateD-T3-Trial2_cropped,D8,D,8,0.1161,3053,19124,25186,144961,7
2023-12_priorityeffects2,PlateD-T3-Trial2_cropped,D9,D,9,0.118,3867,19868,25459,147989,7
2023-12_priorityeffects2,PlateD-T3-Trial2_cropped,D10,D,10,0.1191,3189,25023,34491,253788,7
2023-12_priorityeffects2,PlateD-T3-Trial2_cropped,D11,D,11,0.1178,5021,29026,41875,289842,7
2023-12_priorityeffects2,PlateD-T3-Trial2_cropped,D12,D,12,0.1006,3393,19261,20510,167938,7
2023-12_priorityeffects2,PlateD-T3-Trial2_cropped,E1,E,1,0.1074,28998,216736,1367,3028,7
2023-12_priorityeffects2,PlateD-T3-Trial2_cropped,E2,E,2,0.1134,41612,292818,547,3030,7
2023-12_priorityeffects2,PlateD-T3-Trial2_cropped,E3,E,3,0.1165,34276,308746,1095,5234,7
2023-12_priorityeffects2,PlateD-T3-Trial2_cropped,E4,E,4,0.1166,39637,306683,1369,5235,7
2023-12_priorityeffects2,PlateD-T3-Trial2_cropped,E5,E,5,0.1114,38747,312173,821,4133,7
2023-12_priorityeffects2,PlateD-T3-Trial2_cropped,E6,E,6,0.1067,24098,190299,1369,3857,7
2023-12_priorityeffects2,PlateD-T3-Trial2_cropped,E7,E,7,0.0956,81538,510466,548,3306,7
2023-12_priorityeffects2,PlateD-T3-Trial2_cropped,E8,E,8,0.0959,86355,491161,548,4133,7
2023-12_priorityeffects2,PlateD-T3-Trial2_cropped,E9,E,9,0.1016,101222,660439,2738,1653,7
2023-12_priorityeffects2,PlateD-T3-Trial2_cropped,E10,E,10,0.1011,93286,635541,274,4409,7
2023-12_priorityeffects2,PlateD-T3-Trial2_cropped,E11,E,11,0.1126,202439,849161,1369,2204,7
2023-12_priorityeffects2,PlateD-T3-Trial2_cropped,E12,E,12,0.0932,72709,334089,821,2755,7
2023-12_priorityeffects2,PlateD-T3-Trial2_cropped,F1,F,1,0.1033,28583,213334,548,2756,7
2023-12_priorityeffects2,PlateD-T3-Trial2_cropped,F2,F,2,0.1014,34487,362617,822,3307,7
2023-12_priorityeffects2,PlateD-T3-Trial2_cropped,F3,F,3,0.1214,47736,461527,1643,4685,7
2023-12_priorityeffects2,PlateD-T3-Trial2_cropped,F4,F,4,0.085,1901,14523,1369,2205,7
2023-12_priorityeffects2,PlateD-T3-Trial2_cropped,F5,F,5,0.0863,2376,15409,548,4133,7
2023-12_priorityeffects2,PlateD-T3-Trial2_cropped,F6,F,6,0.0874,2851,13639,1369,4410,7
2023-12_priorityeffects2,PlateD-T3-Trial2_cropped,F7,F,7,0.0854,2579,13164,822,3307,7
2023-12_priorityeffects2,PlateD-T3-Trial2_cropped,F8,F,8,0.1002,2715,18181,15609,129812,7
2023-12_priorityeffects2,PlateD-T3-Trial2_cropped,F9,F,9,0.0856,2851,15201,548,3858,7
2023-12_priorityeffects2,PlateD-T3-Trial2_cropped,F10,F,10,0.0873,2376,13098,548,3582,7
2023-12_priorityeffects2,PlateD-T3-Trial2_cropped,F11,F,11,0.09,56618,345731,1095,3857,7
2023-12_priorityeffects2,PlateD-T3-Trial2_cropped,F12,F,12,0.0916,73341,394367,1094,2202,7
2023-12_priorityeffects2,PlateD-T3-Trial2_cropped,G1,G,1,0.0782,3532,10522,821,2477,7
2023-12_priorityeffects2,PlateD-T3-Trial2_cropped,G2,G,2,0.0793,2852,12961,1095,1653,7
2023-12_priorityeffects2,PlateD-T3-Trial2_cropped,G3,G,3,0.0773,2784,12142,821,3857,7
2023-12_priorityeffects2,PlateD-T3-Trial2_cropped,G4,G,4,0.0778,1969,14180,1095,3307,7
2023-12_priorityeffects2,PlateD-T3-Trial2_cropped,G5,G,5,0.078,2919,11938,1917,4409,7
2023-12_priorityeffects2,PlateD-T3-Trial2_cropped,G6,G,6,0.0867,2852,15129,1095,5235,7
2023-12_priorityeffects2,PlateD-T3-Trial2_cropped,G7,G,7,0.086,2377,13162,548,3583,7
2023-12_priorityeffects2,PlateD-T3-Trial2_cropped,G8,G,8,0.0877,2240,12415,548,3858,7
2023-12_priorityeffects2,PlateD-T3-Trial2_cropped,G9,G,9,0.0873,1833,14042,1643,3307,7
2023-12_priorityeffects2,PlateD-T3-Trial2_cropped,G10,G,10,0.0864,2580,13366,548,4685,7
2023-12_priorityeffects2,PlateD-T3-Trial2_cropped,G11,G,11,0.0879,2512,12552,1095,1653,7
2023-12_priorityeffects2,PlateD-T3-Trial2_cropped,G12,G,12,0.0874,2512,11060,822,4134,7
2023-12_priorityeffects2,PlateD-T3-Trial2_cropped,H1,H,1,0.0805,2444,12487,1644,1378,7
2023-12_priorityeffects2,PlateD-T3-Trial2_cropped,H2,H,2,0.0767,2580,11266,822,2206,7
2023-12_priorityeffects2,PlateD-T3-Trial2_cropped,H3,H,3,0.0799,2988,14658,1917,4963,7
2023-12_priorityeffects2,PlateD-T3-Trial2_cropped,H4,H,4,0.0787,2105,11199,2191,3308,7
2023-12_priorityeffects2,PlateD-T3-Trial2_cropped,H5,H,5,0.0819,1698,12901,1096,4686,7
2023-12_priorityeffects2,PlateD-T3-Trial2_cropped,H6,H,6,0.0862,1765,13099,822,2481,7
2023-12_priorityeffects2,PlateD-T3-Trial2_cropped,H7,H,7,0.0873,2241,13099,822,2757,7
2023-12_priorityeffects2,PlateD-T3-Trial2_cropped,H8,H,8,0.0884,3191,13709,1369,3859,7
2023-12_priorityeffects2,PlateD-T3-Trial2_cropped,H9,H,9,0.0903,2241,12828,1096,2481,7
2023-12_priorityeffects2,PlateD-T3-Trial2_cropped,H10,H,10,0.0887,2852,11400,2191,4410,7
2023-12_priorityeffects2,PlateD-T3-Trial2_cropped,H11,H,11,0.0864,1901,11337,1369,2204,7
2023-12_priorityeffects2,PlateD-T3-Trial2_cropped,H12,H,12,0.0871,2038,11676,1642,1377,7
2023-12_priorityeffects2,PlateE-T24-Trial2_cropped,A1,A,1,0.13,49534,120745,13596,27386,7
2023-12_priorityeffects2,PlateE-T24-Trial2_cropped,A2,A,2,0.1032,23534,181835,6573,26759,7
2023-12_priorityeffects2,PlateE-T24-Trial2_cropped,A3,A,3,0.1283,54905,310031,10164,30393,7
2023-12_priorityeffects2,PlateE-T24-Trial2_cropped,A4,A,4,0.124,35845,235931,5776,35106,7
2023-12_priorityeffects2,PlateE-T24-Trial2_cropped,A5,A,5,0.1124,10500,43968,25329,124897,7
2023-12_priorityeffects2,PlateE-T24-Trial2_cropped,A6,A,6,0.1005,8535,53149,14048,87342,7
2023-12_priorityeffects2,PlateE-T24-Trial2_cropped,A7,A,7,0.1185,80239,407231,9094,37648,7
2023-12_priorityeffects2,PlateE-T24-Trial2_cropped,A8,A,8,0.1118,73194,299067,13230,33524,7
2023-12_priorityeffects2,PlateE-T24-Trial2_cropped,A9,A,9,0.1118,77595,352383,10201,37112,7
2023-12_priorityeffects2,PlateE-T24-Trial2_cropped,A10,A,10,0.1305,66017,330226,19576,55812,7
2023-12_priorityeffects2,PlateE-T24-Trial2_cropped,A11,A,11,0.1315,113849,393605,20130,55816,7
2023-12_priorityeffects2,PlateE-T24-Trial2_cropped,A12,A,12,0.1116,94770,307248,11583,26945,7
2023-12_priorityeffects2,PlateE-T24-Trial2_cropped,B1,B,1,0.1173,32829,257515,6347,17059,7
2023-12_priorityeffects2,PlateE-T24-Trial2_cropped,B2,B,2,0.1323,63273,352131,6898,34944,7
2023-12_priorityeffects2,PlateE-T24-Trial2_cropped,B3,B,3,0.1127,10306,45614,27316,108961,7
2023-12_priorityeffects2,PlateE-T24-Trial2_cropped,B4,B,4,0.1296,14240,58260,43048,169762,7
2023-12_priorityeffects2,PlateE-T24-Trial2_cropped,B5,B,5,0.156,78258,500262,10209,41821,7
2023-12_priorityeffects2,PlateE-T24-Trial2_cropped,B6,B,6,0.1227,34511,169148,8830,30263,7
2023-12_priorityeffects2,PlateE-T24-Trial2_cropped,B7,B,7,0.1243,112409,607849,12691,37966,7
2023-12_priorityeffects2,PlateE-T24-Trial2_cropped,B8,B,8,0.1162,118668,733759,8553,42921,7
2023-12_priorityeffects2,PlateE-T24-Trial2_cropped,B9,B,9,0.1273,79726,524528,18206,70977,7
2023-12_priorityeffects2,PlateE-T24-Trial2_cropped,B10,B,10,0.1193,122231,763478,9379,43456,7
2023-12_priorityeffects2,PlateE-T24-Trial2_cropped,B11,B,11,0.1286,138317,677298,14617,45374,7
2023-12_priorityeffects2,PlateE-T24-Trial2_cropped,B12,B,12,0.1286,83055,395542,22871,75844,7
2023-12_priorityeffects2,PlateE-T24-Trial2_cropped,C1,C,1,0.1102,3461,16565,54581,87407,7
2023-12_priorityeffects2,PlateE-T24-Trial2_cropped,C2,C,2,0.1331,4071,18113,61782,193883,7
2023-12_priorityeffects2,PlateE-T24-Trial2_cropped,C3,C,3,0.1805,4206,26497,105946,421744,7
2023-12_priorityeffects2,PlateE-T24-Trial2_cropped,C4,C,4,0.1222,3053,19733,35041,176375,7
2023-12_priorityeffects2,PlateE-T24-Trial2_cropped,C5,C,5,0.1158,3935,19125,45800,165368,7
2023-12_priorityeffects2,PlateE-T24-Trial2_cropped,C6,C,6,0.115,3664,17711,39184,137841,7
2023-12_priorityeffects2,PlateE-T24-Trial2_cropped,C7,C,7,0.1288,3867,27512,43603,345870,7
2023-12_priorityeffects2,PlateE-T24-Trial2_cropped,C8,C,8,0.1119,3256,20822,32569,229210,7
2023-12_priorityeffects2,PlateE-T24-Trial2_cropped,C9,C,9,0.1357,3936,24937,55472,372361,7
2023-12_priorityeffects2,PlateE-T24-Trial2_cropped,C10,C,10,0.1406,4479,28668,72032,434559,7
2023-12_priorityeffects2,PlateE-T24-Trial2_cropped,C11,C,11,0.1371,4615,31031,62924,450492,7
2023-12_priorityeffects2,PlateE-T24-Trial2_cropped,C12,C,12,0.1225,3257,20625,57410,261688,7
2023-12_priorityeffects2,PlateE-T24-Trial2_cropped,D1,D,1,0.1148,2783,17255,24292,96320,7
2023-12_priorityeffects2,PlateE-T24-Trial2_cropped,D2,D,2,0.1164,3326,18538,18217,119722,7
2023-12_priorityeffects2,PlateE-T24-Trial2_cropped,D3,D,3,0.1136,2783,18334,19598,108972,7
2023-12_priorityeffects2,PlateE-T24-Trial2_cropped,D4,D,4,0.1145,3122,19152,22358,130165,7
2023-12_priorityeffects2,PlateE-T24-Trial2_cropped,D5,D,5,0.1177,2918,19966,18771,138143,7
2023-12_priorityeffects2,PlateE-T24-Trial2_cropped,D6,D,6,0.115,2579,20434,22636,124389,7
2023-12_priorityeffects2,PlateE-T24-Trial2_cropped,D7,D,7,0.1114,2647,18201,20979,125217,7
2023-12_priorityeffects2,PlateE-T24-Trial2_cropped,D8,D,8,0.1106,2511,20161,23736,134853,7
2023-12_priorityeffects2,PlateE-T24-Trial2_cropped,D9,D,9,0.1138,3054,18470,22910,116135,7
2023-12_priorityeffects2,PlateE-T24-Trial2_cropped,D10,D,10,0.1075,2579,19894,18216,115298,7
2023-12_priorityeffects2,PlateE-T24-Trial2_cropped,D11,D,11,0.1064,3189,18412,25665,128208,7
2023-12_priorityeffects2,PlateE-T24-Trial2_cropped,D12,D,12,0.1021,2579,16844,16267,137728,7
2023-12_priorityeffects2,PlateE-T24-Trial2_cropped,E1,E,1,0.1018,10866,59616,551,2199,7
2023-12_priorityeffects2,PlateE-T24-Trial2_cropped,E2,E,2,0.1028,12358,89739,552,3576,7
2023-12_priorityeffects2,PlateE-T24-Trial2_cropped,E3,E,3,0.1076,23826,131267,276,3577,7
2023-12_priorityeffects2,PlateE-T24-Trial2_cropped,E4,E,4,0.1166,39178,251921,1380,3577,7
2023-12_priorityeffects2,PlateE-T24-Trial2_cropped,E5,E,5,0.1086,23623,155690,1656,5229,7
2023-12_priorityeffects2,PlateE-T24-Trial2_cropped,E6,E,6,0.139,69460,355916,1656,3577,7
2023-12_priorityeffects2,PlateE-T24-Trial2_cropped,E7,E,7,0.1167,145181,883600,1104,4128,7
2023-12_priorityeffects2,PlateE-T24-Trial2_cropped,E8,E,8,0.1151,138197,610962,1380,4403,7
2023-12_priorityeffects2,PlateE-T24-Trial2_cropped,E9,E,9,0.1223,127408,607993,1104,2752,7
2023-12_priorityeffects2,PlateE-T24-Trial2_cropped,E10,E,10,0.1157,131680,760696,2208,3028,7
2023-12_priorityeffects2,PlateE-T24-Trial2_cropped,E11,E,11,0.1396,227478,873517,1380,2752,7
2023-12_priorityeffects2,PlateE-T24-Trial2_cropped,E12,E,12,0.1054,85089,401272,1380,1926,7
2023-12_priorityeffects2,PlateE-T24-Trial2_cropped,F1,F,1,0.1001,11476,67482,828,4128,7
2023-12_priorityeffects2,PlateE-T24-Trial2_cropped,F2,F,2,0.1152,42438,297990,828,4679,7
2023-12_priorityeffects2,PlateE-T24-Trial2_cropped,F3,F,3,0.1131,45226,259730,828,3303,7
2023-12_priorityeffects2,PlateE-T24-Trial2_cropped,F4,F,4,0.1108,36256,236559,2209,4954,7
2023-12_priorityeffects2,PlateE-T24-Trial2_cropped,F5,F,5,0.1587,93921,491206,828,3303,7
2023-12_priorityeffects2,PlateE-T24-Trial2_cropped,F6,F,6,0.1073,33476,199185,828,2202,7
2023-12_priorityeffects2,PlateE-T24-Trial2_cropped,F7,F,7,0.1035,131869,597991,1104,2202,7
2023-12_priorityeffects2,PlateE-T24-Trial2_cropped,F8,F,8,0.1153,138065,810277,552,4954,7
2023-12_priorityeffects2,PlateE-T24-Trial2_cropped,F9,F,9,0.1042,99074,663846,1380,5504,7
2023-12_priorityeffects2,PlateE-T24-Trial2_cropped,F10,F,10,0.1108,130722,621878,2760,2201,7
2023-12_priorityeffects2,PlateE-T24-Trial2_cropped,F11,F,11,0.1142,200452,613658,1380,5503,7
2023-12_priorityeffects2,PlateE-T24-Trial2_cropped,F12,F,12,0.0856,2445,14283,1379,2749,7
2023-12_priorityeffects2,PlateE-T24-Trial2_cropped,G1,G,1,0.085,2785,13136,1379,1375,7
2023-12_priorityeffects2,PlateE-T24-Trial2_cropped,G2,G,2,0.0773,2717,10695,1104,3026,7
2023-12_priorityeffects2,PlateE-T24-Trial2_cropped,G3,G,3,0.0771,2037,14686,1104,5227,7
2023-12_priorityeffects2,PlateE-T24-Trial2_cropped,G4,G,4,0.0769,3803,11708,1656,2477,7
2023-12_priorityeffects2,PlateE-T24-Trial2_cropped,G5,G,5,0.0768,2920,14346,1104,3303,7
2023-12_priorityeffects2,PlateE-T24-Trial2_cropped,G6,G,6,0.0773,1630,11237,552,3302,7
2023-12_priorityeffects2,PlateE-T24-Trial2_cropped,G7,G,7,0.0776,2581,12862,828,2477,7
2023-12_priorityeffects2,PlateE-T24-Trial2_cropped,G8,G,8,0.0793,2920,14487,828,3578,7
2023-12_priorityeffects2,PlateE-T24-Trial2_cropped,G9,G,9,0.0775,2513,15227,276,2477,7
2023-12_priorityeffects2,PlateE-T24-Trial2_cropped,G10,G,10,0.0776,2309,11845,276,550,7
2023-12_priorityeffects2,PlateE-T24-Trial2_cropped,G11,G,11,0.0782,2309,13336,1656,4678,7
2023-12_priorityeffects2,PlateE-T24-Trial2_cropped,G12,G,12,0.078,2649,12794,552,1926,7
2023-12_priorityeffects2,PlateE-T24-Trial2_cropped,H1,H,1,0.0847,2377,11441,552,1652,7
2023-12_priorityeffects2,PlateE-T24-Trial2_cropped,H2,H,2,0.1353,2309,11100,1933,1927,7
2023-12_priorityeffects2,PlateE-T24-Trial2_cropped,H3,H,3,0.0833,2853,13130,1933,1927,7
2023-12_priorityeffects2,PlateE-T24-Trial2_cropped,H4,H,4,0.0845,2852,14351,1381,1927,7
2023-12_priorityeffects2,PlateE-T24-Trial2_cropped,H5,H,5,0.0864,2241,13541,1105,4129,7
2023-12_priorityeffects2,PlateE-T24-Trial2_cropped,H6,H,6,0.0839,2513,12657,1657,4955,7
2023-12_priorityeffects2,PlateE-T24-Trial2_cropped,H7,H,7,0.0858,2716,14010,828,1927,7
2023-12_priorityeffects2,PlateE-T24-Trial2_cropped,H8,H,8,0.0853,2309,11911,1657,4129,7
2023-12_priorityeffects2,PlateE-T24-Trial2_cropped,H9,H,9,0.086,2309,12185,1381,3853,7
2023-12_priorityeffects2,PlateE-T24-Trial2_cropped,H10,H,10,0.0848,1222,12725,1656,4128,7
2023-12_priorityeffects2,PlateE-T24-Trial2_cropped,H11,H,11,0.0905,2241,12929,828,1651,7
2023-12_priorityeffects2,PlateE-T24-Trial2_cropped,H12,H,12,0.0846,2242,11105,1379,1925,7
2023-12_priorityeffects2,PlateF-T24-Trial2_cropped,A1,A,1,0.0995,7681,27251,24267,65325,7
2023-12_priorityeffects2,PlateF-T24-Trial2_cropped,A2,A,2,0.1074,16417,72302,20599,90393,7
2023-12_priorityeffects2,PlateF-T24-Trial2_cropped,A3,A,3,0.1003,9897,35988,19555,80399,7
2023-12_priorityeffects2,PlateF-T24-Trial2_cropped,A4,A,4,0.0952,14702,81519,8000,48590,7
2023-12_priorityeffects2,PlateF-T24-Trial2_cropped,A5,A,5,0.1151,33533,172329,4417,18064,7
2023-12_priorityeffects2,PlateF-T24-Trial2_cropped,A6,A,6,0.1027,10027,52236,7459,28359,7
2023-12_priorityeffects2,PlateF-T24-Trial2_cropped,A7,A,7,0.1126,109307,470644,1934,10292,7
2023-12_priorityeffects2,PlateF-T24-Trial2_cropped,A8,A,8,0.0989,65069,301446,4146,18084,7
2023-12_priorityeffects2,PlateF-T24-Trial2_cropped,A9,A,9,0.0932,45534,364123,4423,24488,7
2023-12_priorityeffects2,PlateF-T24-Trial2_cropped,A10,A,10,0.0949,51436,330592,4700,16422,7
2023-12_priorityeffects2,PlateF-T24-Trial2_cropped,A11,A,11,0.1048,76913,492602,9956,30063,7
2023-12_priorityeffects2,PlateF-T24-Trial2_cropped,A12,A,12,0.1024,85879,483425,3595,12528,7
2023-12_priorityeffects2,PlateF-T24-Trial2_cropped,B1,B,1,0.0944,12345,72674,4150,27017,7
2023-12_priorityeffects2,PlateF-T24-Trial2_cropped,B2,B,2,0.1288,22719,114368,14939,103619,7
2023-12_priorityeffects2,PlateF-T24-Trial2_cropped,B3,B,3,0.1082,9697,46441,26557,117538,7
2023-12_priorityeffects2,PlateF-T24-Trial2_cropped,B4,B,4,0.1017,5899,32130,29322,146214,7
2023-12_priorityeffects2,PlateF-T24-Trial2_cropped,B5,B,5,0.104,13698,54032,19364,102203,7
2023-12_priorityeffects2,PlateF-T24-Trial2_cropped,B6,B,6,0.1088,3526,11386,29875,45396,7
2023-12_priorityeffects2,PlateF-T24-Trial2_cropped,B7,B,7,0.1085,96636,654262,4979,20051,7
2023-12_priorityeffects2,PlateF-T24-Trial2_cropped,B8,B,8,0.1159,144062,664814,20746,54579,7
2023-12_priorityeffects2,PlateF-T24-Trial2_cropped,B9,B,9,0.119,110821,714420,5255,17542,7
2023-12_priorityeffects2,PlateF-T24-Trial2_cropped,B10,B,10,0.1219,176918,1026897,3871,20323,7
2023-12_priorityeffects2,PlateF-T24-Trial2_cropped,B11,B,11,0.113,142358,679679,5253,15587,7
2023-12_priorityeffects2,PlateF-T24-Trial2_cropped,B12,B,12,0.1145,125324,454058,4973,12793,7
2023-12_priorityeffects2,PlateF-T24-Trial2_cropped,C1,C,1,0.109,3121,19731,40355,177243,7
2023-12_priorityeffects2,PlateF-T24-Trial2_cropped,C2,C,2,0.1059,3256,18106,35126,158967,7
2023-12_priorityeffects2,PlateF-T24-Trial2_cropped,C3,C,3,0.1245,4477,26179,71377,337808,7
2023-12_priorityeffects2,PlateF-T24-Trial2_cropped,C4,C,4,0.0965,3392,19391,25179,157656,7
2023-12_priorityeffects2,PlateF-T24-Trial2_cropped,C5,C,5,0.0995,3188,20279,21861,140667,7
2023-12_priorityeffects2,PlateF-T24-Trial2_cropped,C6,C,6,0.1004,3120,19329,26842,156519,7
2023-12_priorityeffects2,PlateF-T24-Trial2_cropped,C7,C,7,0.1084,4478,32902,37637,330090,7
2023-12_priorityeffects2,PlateF-T24-Trial2_cropped,C8,C,8,0.1131,4478,30527,58944,338988,7
2023-12_priorityeffects2,PlateF-T24-Trial2_cropped,C9,C,9,0.1163,3460,19326,10239,68801,7
2023-12_priorityeffects2,PlateF-T24-Trial2_cropped,C10,C,10,0.1124,4952,41663,18819,137053,7
2023-12_priorityeffects2,PlateF-T24-Trial2_cropped,C11,C,11,0.119,5428,48579,39020,312840,7
2023-12_priorityeffects2,PlateF-T24-Trial2_cropped,C12,C,12,0.1306,4003,17502,64481,197774,7
2023-12_priorityeffects2,PlateF-T24-Trial2_cropped,D1,D,1,0.1004,3259,18456,13560,93890,7
2023-12_priorityeffects2,PlateF-T24-Trial2_cropped,D2,D,2,0.1012,2986,18460,11069,113399,7
2023-12_priorityeffects2,PlateF-T24-Trial2_cropped,D3,D,3,0.0982,2376,19338,13836,110610,7
2023-12_priorityeffects2,PlateF-T24-Trial2_cropped,D4,D,4,0.1003,2444,18326,11068,99738,7
2023-12_priorityeffects2,PlateF-T24-Trial2_cropped,D5,D,5,0.1056,3258,21036,20753,117007,7
2023-12_priorityeffects2,PlateF-T24-Trial2_cropped,D6,D,6,0.1051,4344,19743,14389,112552,7
2023-12_priorityeffects2,PlateF-T24-Trial2_cropped,D7,D,7,0.0988,2647,19816,10514,95004,7
2023-12_priorityeffects2,PlateF-T24-Trial2_cropped,D8,D,8,0.0918,2647,17710,11621,86644,7
2023-12_priorityeffects2,PlateF-T24-Trial2_cropped,D9,D,9,0.0938,3055,18661,13833,101124,7
2023-12_priorityeffects2,PlateF-T24-Trial2_cropped,D10,D,10,0.0941,2308,18527,13832,94981,7
2023-12_priorityeffects2,PlateF-T24-Trial2_cropped,D11,D,11,0.0993,3530,17307,12723,124208,7
2023-12_priorityeffects2,PlateF-T24-Trial2_cropped,D12,D,12,0.0968,2579,16763,14099,110207,7
2023-12_priorityeffects2,PlateF-T24-Trial2_cropped,E1,E,1,0.1384,13314,100596,2211,3618,7
2023-12_priorityeffects2,PlateF-T24-Trial2_cropped,E2,E,2,0.1,27904,248884,553,3342,7
2023-12_priorityeffects2,PlateF-T24-Trial2_cropped,E3,E,3,0.113,28099,222360,1937,3900,7
2023-12_priorityeffects2,PlateF-T24-Trial2_cropped,E4,E,4,0.0928,9435,74933,2214,1950,7
2023-12_priorityeffects2,PlateF-T24-Trial2_cropped,E5,E,5,0.1305,54976,301083,1661,4737,7
2023-12_priorityeffects2,PlateF-T24-Trial2_cropped,E6,E,6,0.0864,2444,16220,554,3343,7
2023-12_priorityeffects2,PlateF-T24-Trial2_cropped,E7,E,7,0.1162,146323,546387,1384,4458,7
2023-12_priorityeffects2,PlateF-T24-Trial2_cropped,E8,E,8,0.1349,197003,875971,1107,3901,7
2023-12_priorityeffects2,PlateF-T24-Trial2_cropped,E9,E,9,0.1005,94795,440889,2214,3343,7
2023-12_priorityeffects2,PlateF-T24-Trial2_cropped,E10,E,10,0.1,79096,418394,2214,5294,7
2023-12_priorityeffects2,PlateF-T24-Trial2_cropped,E11,E,11,0.0986,70342,337927,1107,5572,7
2023-12_priorityeffects2,PlateF-T24-Trial2_cropped,E12,E,12,0.0924,75493,319653,1107,1672,7
2023-12_priorityeffects2,PlateF-T24-Trial2_cropped,F1,F,1,0.1026,17932,111694,1384,3344,7
2023-12_priorityeffects2,PlateF-T24-Trial2_cropped,F2,F,2,0.0964,14802,127593,830,3065,7
2023-12_priorityeffects2,PlateF-T24-Trial2_cropped,F3,F,3,0.1266,31449,282265,830,5294,7
2023-12_priorityeffects2,PlateF-T24-Trial2_cropped,F4,F,4,0.0815,2105,13717,554,3901,7
2023-12_priorityeffects2,PlateF-T24-Trial2_cropped,F5,F,5,0.0853,2920,14601,1107,3622,7
2023-12_priorityeffects2,PlateF-T24-Trial2_cropped,F6,F,6,0.0837,2988,16433,1661,2229,7
2023-12_priorityeffects2,PlateF-T24-Trial2_cropped,F7,F,7,0.1007,86308,803181,1661,4180,7
2023-12_priorityeffects2,PlateF-T24-Trial2_cropped,F8,F,8,0.1102,124272,613337,830,3623,7
2023-12_priorityeffects2,PlateF-T24-Trial2_cropped,F9,F,9,0.0832,3055,16709,830,2786,7
2023-12_priorityeffects2,PlateF-T24-Trial2_cropped,F10,F,10,0.0858,2648,16432,830,5572,7
2023-12_priorityeffects2,PlateF-T24-Trial2_cropped,F11,F,11,0.0866,3056,14393,1107,4736,7
2023-12_priorityeffects2,PlateF-T24-Trial2_cropped,F12,F,12,0.0867,2309,13583,553,2227,7
2023-12_priorityeffects2,PlateF-T24-Trial2_cropped,G1,G,1,0.0786,2989,11886,1382,3618,7
2023-12_priorityeffects2,PlateF-T24-Trial2_cropped,G2,G,2,0.0795,2581,12834,1660,1671,7
2023-12_priorityeffects2,PlateF-T24-Trial2_cropped,G3,G,3,0.079,3327,13038,1107,3622,7
2023-12_priorityeffects2,PlateF-T24-Trial2_cropped,G4,G,4,0.079,3394,14194,830,5294,7
2023-12_priorityeffects2,PlateF-T24-Trial2_cropped,G5,G,5,0.0796,2377,12900,554,6688,7
2023-12_priorityeffects2,PlateF-T24-Trial2_cropped,G6,G,6,0.0789,2377,14808,1661,3901,7
2023-12_priorityeffects2,PlateF-T24-Trial2_cropped,G7,G,7,0.0772,2173,12564,1384,3901,7
2023-12_priorityeffects2,PlateF-T24-Trial2_cropped,G8,G,8,0.0825,2716,14259,1107,4737,7
2023-12_priorityeffects2,PlateF-T24-Trial2_cropped,G9,G,9,0.085,1969,15891,1938,3623,7
2023-12_priorityeffects2,PlateF-T24-Trial2_cropped,G10,G,10,0.0852,3191,15349,277,2229,7
2023-12_priorityeffects2,PlateF-T24-Trial2_cropped,G11,G,11,0.0858,1697,13584,1384,4738,7
2023-12_priorityeffects2,PlateF-T24-Trial2_cropped,G12,G,12,0.085,2241,13242,554,2787,7
2023-12_priorityeffects2,PlateF-T24-Trial2_cropped,H1,H,1,0.0829,2649,12290,831,4181,7
2023-12_priorityeffects2,PlateF-T24-Trial2_cropped,H2,H,2,0.0834,2785,11540,1938,2230,7
2023-12_priorityeffects2,PlateF-T24-Trial2_cropped,H3,H,3,0.0826,2242,14940,1938,2508,7
2023-12_priorityeffects2,PlateF-T24-Trial2_cropped,H4,H,4,0.0852,1698,14331,1384,3902,7
2023-12_priorityeffects2,PlateF-T24-Trial2_cropped,H5,H,5,0.0837,2378,13992,2215,4738,7
2023-12_priorityeffects2,PlateF-T24-Trial2_cropped,H6,H,6,0.082,2241,15209,1384,3066,7
2023-12_priorityeffects2,PlateF-T24-Trial2_cropped,H7,H,7,0.0818,3192,13377,831,3066,7
2023-12_priorityeffects2,PlateF-T24-Trial2_cropped,H8,H,8,0.0854,2038,15076,830,3344,7
2023-12_priorityeffects2,PlateF-T24-Trial2_cropped,H9,H,9,0.0856,2989,13583,554,3066,7
2023-12_priorityeffects2,PlateF-T24-Trial2_cropped,H10,H,10,0.0878,1970,13176,1107,3623,7
2023-12_priorityeffects2,PlateF-T24-Trial2_cropped,H11,H,11,0.0834,2513,12359,830,1950,7
2023-12_priorityeffects2,PlateF-T24-Trial2_cropped,H12,H,12,0.0855,2514,14880,1106,3062,7
