experiment,plate,plate_alias,row,col,protect,path,plant,protect_od,path_od,date_ster,date_germ,date_inoc,date_process,light_dn,light_lx,temp_dn,MS,MES,pH,notes
2023-08-16_fluor,scan_NneonWcrim_alllacZ_003_cropped,N2C3neon_WCS365crim_fullLacZ,A,1,WCS365-L_crim,N2C3-_neon,col0,0.001,0.001,2023-08-08,2023-08-10,2023-08-16,2023-08-22,12_12,110,23_23,0.5,0.5,5.8,
2023-08-16_fluor,scan_NneonWcrim_alllacZ_003_cropped,N2C3neon_WCS365crim_fullLacZ,B,1,WCS365-L_crim,N2C3-_neon,col0,0.001,0.001,2023-08-08,2023-08-10,2023-08-16,2023-08-22,12_12,110,23_23,0.5,0.5,5.8,
2023-08-16_fluor,scan_NneonWcrim_alllacZ_003_cropped,N2C3neon_WCS365crim_fullLacZ,C,1,WCS365-L_crim,MOCK-_neon,col0,0.001,0,2023-08-08,2023-08-10,2023-08-16,2023-08-22,12_12,110,23_23,0.5,0.5,5.8,
2023-08-16_fluor,scan_NneonWcrim_alllacZ_003_cropped,N2C3neon_WCS365crim_fullLacZ,D,1,WCS365-L_crim,MOCK-_neon,col0,0.001,0,2023-08-08,2023-08-10,2023-08-16,2023-08-22,12_12,110,23_23,0.5,0.5,5.8,
2023-08-16_fluor,scan_NneonWcrim_alllacZ_003_cropped,N2C3neon_WCS365crim_fullLacZ,E,1,WCS365-L_crim,N2C3-_neon,col0,0.001,0.001,2023-08-08,2023-08-10,2023-08-16,2023-08-22,12_12,110,23_23,0.5,0.5,5.8,
2023-08-16_fluor,scan_NneonWcrim_alllacZ_003_cropped,N2C3neon_WCS365crim_fullLacZ,F,1,WCS365-L_crim,N2C3-_neon,col0,0.001,0.001,2023-08-08,2023-08-10,2023-08-16,2023-08-22,12_12,110,23_23,0.5,0.5,5.8,
2023-08-16_fluor,scan_NneonWcrim_alllacZ_003_cropped,N2C3neon_WCS365crim_fullLacZ,G,1,WCS365-L_crim,MOCK-_neon,col0,0.001,0,2023-08-08,2023-08-10,2023-08-16,2023-08-22,12_12,110,23_23,0.5,0.5,5.8,
2023-08-16_fluor,scan_NneonWcrim_alllacZ_003_cropped,N2C3neon_WCS365crim_fullLacZ,H,1,WCS365-L_crim,MOCK-_neon,col0,0.001,0,2023-08-08,2023-08-10,2023-08-16,2023-08-22,12_12,110,23_23,0.5,0.5,5.8,
2023-08-16_fluor,scan_NneonWcrim_alllacZ_003_cropped,N2C3neon_WCS365crim_fullLacZ,A,2,WCS365-L_crim,N2C3-_neon,col0,0.001,0.001,2023-08-08,2023-08-10,2023-08-16,2023-08-22,12_12,110,23_23,0.5,0.5,5.8,
2023-08-16_fluor,scan_NneonWcrim_alllacZ_003_cropped,N2C3neon_WCS365crim_fullLacZ,B,2,WCS365-L_crim,N2C3-_neon,col0,0.001,0.001,2023-08-08,2023-08-10,2023-08-16,2023-08-22,12_12,110,23_23,0.5,0.5,5.8,
2023-08-16_fluor,scan_NneonWcrim_alllacZ_003_cropped,N2C3neon_WCS365crim_fullLacZ,C,2,WCS365-L_crim,MOCK-_neon,col0,0.001,0,2023-08-08,2023-08-10,2023-08-16,2023-08-22,12_12,110,23_23,0.5,0.5,5.8,
2023-08-16_fluor,scan_NneonWcrim_alllacZ_003_cropped,N2C3neon_WCS365crim_fullLacZ,D,2,WCS365-L_crim,MOCK-_neon,col0,0.001,0,2023-08-08,2023-08-10,2023-08-16,2023-08-22,12_12,110,23_23,0.5,0.5,5.8,
2023-08-16_fluor,scan_NneonWcrim_alllacZ_003_cropped,N2C3neon_WCS365crim_fullLacZ,E,2,WCS365-L_crim,N2C3-_neon,col0,0.001,0.001,2023-08-08,2023-08-10,2023-08-16,2023-08-22,12_12,110,23_23,0.5,0.5,5.8,
2023-08-16_fluor,scan_NneonWcrim_alllacZ_003_cropped,N2C3neon_WCS365crim_fullLacZ,F,2,WCS365-L_crim,N2C3-_neon,col0,0.001,0.001,2023-08-08,2023-08-10,2023-08-16,2023-08-22,12_12,110,23_23,0.5,0.5,5.8,
2023-08-16_fluor,scan_NneonWcrim_alllacZ_003_cropped,N2C3neon_WCS365crim_fullLacZ,G,2,WCS365-L_crim,MOCK-_neon,col0,0.001,0,2023-08-08,2023-08-10,2023-08-16,2023-08-22,12_12,110,23_23,0.5,0.5,5.8,
2023-08-16_fluor,scan_NneonWcrim_alllacZ_003_cropped,N2C3neon_WCS365crim_fullLacZ,H,2,WCS365-L_crim,MOCK-_neon,col0,0.001,0,2023-08-08,2023-08-10,2023-08-16,2023-08-22,12_12,110,23_23,0.5,0.5,5.8,
2023-08-16_fluor,scan_NneonWcrim_alllacZ_003_cropped,N2C3neon_WCS365crim_fullLacZ,A,3,WCS365-L_crim,N2C3-_neon,col0,0.001,0.001,2023-08-08,2023-08-10,2023-08-16,2023-08-22,12_12,110,23_23,0.5,0.5,5.8,
2023-08-16_fluor,scan_NneonWcrim_alllacZ_003_cropped,N2C3neon_WCS365crim_fullLacZ,B,3,WCS365-L_crim,N2C3-_neon,col0,0.001,0.001,2023-08-08,2023-08-10,2023-08-16,2023-08-22,12_12,110,23_23,0.5,0.5,5.8,
2023-08-16_fluor,scan_NneonWcrim_alllacZ_003_cropped,N2C3neon_WCS365crim_fullLacZ,C,3,WCS365-L_crim,MOCK-_neon,col0,0.001,0,2023-08-08,2023-08-10,2023-08-16,2023-08-22,12_12,110,23_23,0.5,0.5,5.8,
2023-08-16_fluor,scan_NneonWcrim_alllacZ_003_cropped,N2C3neon_WCS365crim_fullLacZ,D,3,WCS365-L_crim,MOCK-_neon,col0,0.001,0,2023-08-08,2023-08-10,2023-08-16,2023-08-22,12_12,110,23_23,0.5,0.5,5.8,
2023-08-16_fluor,scan_NneonWcrim_alllacZ_003_cropped,N2C3neon_WCS365crim_fullLacZ,E,3,WCS365-L_crim,N2C3-_neon,col0,0.001,0.001,2023-08-08,2023-08-10,2023-08-16,2023-08-22,12_12,110,23_23,0.5,0.5,5.8,
2023-08-16_fluor,scan_NneonWcrim_alllacZ_003_cropped,N2C3neon_WCS365crim_fullLacZ,F,3,WCS365-L_crim,N2C3-_neon,col0,0.001,0.001,2023-08-08,2023-08-10,2023-08-16,2023-08-22,12_12,110,23_23,0.5,0.5,5.8,
2023-08-16_fluor,scan_NneonWcrim_alllacZ_003_cropped,N2C3neon_WCS365crim_fullLacZ,G,3,WCS365-L_crim,MOCK-_neon,col0,0.001,0,2023-08-08,2023-08-10,2023-08-16,2023-08-22,12_12,110,23_23,0.5,0.5,5.8,
2023-08-16_fluor,scan_NneonWcrim_alllacZ_003_cropped,N2C3neon_WCS365crim_fullLacZ,H,3,WCS365-L_crim,MOCK-_neon,col0,0.001,0,2023-08-08,2023-08-10,2023-08-16,2023-08-22,12_12,110,23_23,0.5,0.5,5.8,
2023-08-16_fluor,scan_NneonWcrim_alllacZ_003_cropped,N2C3neon_WCS365crim_fullLacZ,A,4,MOCK-_crim,N2C3-_neon,col0,0,0.001,2023-08-08,2023-08-10,2023-08-16,2023-08-22,12_12,110,23_23,0.5,0.5,5.8,
2023-08-16_fluor,scan_NneonWcrim_alllacZ_003_cropped,N2C3neon_WCS365crim_fullLacZ,B,4,MOCK-_crim,N2C3-_neon,col0,0,0.001,2023-08-08,2023-08-10,2023-08-16,2023-08-22,12_12,110,23_23,0.5,0.5,5.8,
2023-08-16_fluor,scan_NneonWcrim_alllacZ_003_cropped,N2C3neon_WCS365crim_fullLacZ,C,4,MOCK-_crim,MOCK-_neon,col0,0,0,2023-08-08,2023-08-10,2023-08-16,2023-08-22,12_12,110,23_23,0.5,0.5,5.8,
2023-08-16_fluor,scan_NneonWcrim_alllacZ_003_cropped,N2C3neon_WCS365crim_fullLacZ,D,4,MOCK-_crim,MOCK-_neon,col0,0,0,2023-08-08,2023-08-10,2023-08-16,2023-08-22,12_12,110,23_23,0.5,0.5,5.8,
2023-08-16_fluor,scan_NneonWcrim_alllacZ_003_cropped,N2C3neon_WCS365crim_fullLacZ,E,4,MOCK-_crim,N2C3-_neon,col0,0,0.001,2023-08-08,2023-08-10,2023-08-16,2023-08-22,12_12,110,23_23,0.5,0.5,5.8,
2023-08-16_fluor,scan_NneonWcrim_alllacZ_003_cropped,N2C3neon_WCS365crim_fullLacZ,F,4,MOCK-_crim,N2C3-_neon,col0,0,0.001,2023-08-08,2023-08-10,2023-08-16,2023-08-22,12_12,110,23_23,0.5,0.5,5.8,
2023-08-16_fluor,scan_NneonWcrim_alllacZ_003_cropped,N2C3neon_WCS365crim_fullLacZ,G,4,MOCK-_crim,MOCK-_neon,col0,0,0,2023-08-08,2023-08-10,2023-08-16,2023-08-22,12_12,110,23_23,0.5,0.5,5.8,
2023-08-16_fluor,scan_NneonWcrim_alllacZ_003_cropped,N2C3neon_WCS365crim_fullLacZ,H,4,MOCK-_crim,MOCK-_neon,col0,0,0,2023-08-08,2023-08-10,2023-08-16,2023-08-22,12_12,110,23_23,0.5,0.5,5.8,
2023-08-16_fluor,scan_NneonWcrim_alllacZ_003_cropped,N2C3neon_WCS365crim_fullLacZ,A,5,MOCK-_crim,N2C3-_neon,col0,0,0.001,2023-08-08,2023-08-10,2023-08-16,2023-08-22,12_12,110,23_23,0.5,0.5,5.8,
2023-08-16_fluor,scan_NneonWcrim_alllacZ_003_cropped,N2C3neon_WCS365crim_fullLacZ,B,5,MOCK-_crim,N2C3-_neon,col0,0,0.001,2023-08-08,2023-08-10,2023-08-16,2023-08-22,12_12,110,23_23,0.5,0.5,5.8,
2023-08-16_fluor,scan_NneonWcrim_alllacZ_003_cropped,N2C3neon_WCS365crim_fullLacZ,C,5,MOCK-_crim,MOCK-_neon,col0,0,0,2023-08-08,2023-08-10,2023-08-16,2023-08-22,12_12,110,23_23,0.5,0.5,5.8,
2023-08-16_fluor,scan_NneonWcrim_alllacZ_003_cropped,N2C3neon_WCS365crim_fullLacZ,D,5,MOCK-_crim,MOCK-_neon,col0,0,0,2023-08-08,2023-08-10,2023-08-16,2023-08-22,12_12,110,23_23,0.5,0.5,5.8,
2023-08-16_fluor,scan_NneonWcrim_alllacZ_003_cropped,N2C3neon_WCS365crim_fullLacZ,E,5,MOCK-_crim,N2C3-_neon,col0,0,0.001,2023-08-08,2023-08-10,2023-08-16,2023-08-22,12_12,110,23_23,0.5,0.5,5.8,
2023-08-16_fluor,scan_NneonWcrim_alllacZ_003_cropped,N2C3neon_WCS365crim_fullLacZ,F,5,MOCK-_crim,N2C3-_neon,col0,0,0.001,2023-08-08,2023-08-10,2023-08-16,2023-08-22,12_12,110,23_23,0.5,0.5,5.8,
2023-08-16_fluor,scan_NneonWcrim_alllacZ_003_cropped,N2C3neon_WCS365crim_fullLacZ,G,5,MOCK-_crim,MOCK-_neon,col0,0,0,2023-08-08,2023-08-10,2023-08-16,2023-08-22,12_12,110,23_23,0.5,0.5,5.8,
2023-08-16_fluor,scan_NneonWcrim_alllacZ_003_cropped,N2C3neon_WCS365crim_fullLacZ,H,5,MOCK-_crim,MOCK-_neon,col0,0,0,2023-08-08,2023-08-10,2023-08-16,2023-08-22,12_12,110,23_23,0.5,0.5,5.8,
2023-08-16_fluor,scan_NneonWcrim_alllacZ_003_cropped,N2C3neon_WCS365crim_fullLacZ,A,6,MOCK-_crim,N2C3-_neon,col0,0,0.001,2023-08-08,2023-08-10,2023-08-16,2023-08-22,12_12,110,23_23,0.5,0.5,5.8,
2023-08-16_fluor,scan_NneonWcrim_alllacZ_003_cropped,N2C3neon_WCS365crim_fullLacZ,B,6,MOCK-_crim,N2C3-_neon,col0,0,0.001,2023-08-08,2023-08-10,2023-08-16,2023-08-22,12_12,110,23_23,0.5,0.5,5.8,
2023-08-16_fluor,scan_NneonWcrim_alllacZ_003_cropped,N2C3neon_WCS365crim_fullLacZ,C,6,MOCK-_crim,MOCK-_neon,col0,0,0,2023-08-08,2023-08-10,2023-08-16,2023-08-22,12_12,110,23_23,0.5,0.5,5.8,
2023-08-16_fluor,scan_NneonWcrim_alllacZ_003_cropped,N2C3neon_WCS365crim_fullLacZ,D,6,MOCK-_crim,MOCK-_neon,col0,0,0,2023-08-08,2023-08-10,2023-08-16,2023-08-22,12_12,110,23_23,0.5,0.5,5.8,
2023-08-16_fluor,scan_NneonWcrim_alllacZ_003_cropped,N2C3neon_WCS365crim_fullLacZ,E,6,MOCK-_crim,N2C3-_neon,col0,0,0.001,2023-08-08,2023-08-10,2023-08-16,2023-08-22,12_12,110,23_23,0.5,0.5,5.8,
2023-08-16_fluor,scan_NneonWcrim_alllacZ_003_cropped,N2C3neon_WCS365crim_fullLacZ,F,6,MOCK-_crim,N2C3-_neon,col0,0,0.001,2023-08-08,2023-08-10,2023-08-16,2023-08-22,12_12,110,23_23,0.5,0.5,5.8,
2023-08-16_fluor,scan_NneonWcrim_alllacZ_003_cropped,N2C3neon_WCS365crim_fullLacZ,G,6,MOCK-_crim,MOCK-_neon,col0,0,0,2023-08-08,2023-08-10,2023-08-16,2023-08-22,12_12,110,23_23,0.5,0.5,5.8,
2023-08-16_fluor,scan_NneonWcrim_alllacZ_003_cropped,N2C3neon_WCS365crim_fullLacZ,H,6,MOCK-_crim,MOCK-_neon,col0,0,0,2023-08-08,2023-08-10,2023-08-16,2023-08-22,12_12,110,23_23,0.5,0.5,5.8,
2023-08-16_fluor,scan_NneonWcrim_alllacZ_003_cropped,N2C3neon_WCS365crim_fullLacZ,A,7,WCS365-L_crim,N2C3-_neon,col0,0.001,0.001,2023-08-08,2023-08-10,2023-08-16,2023-08-22,12_12,110,23_23,0.5,0.5,5.8,
2023-08-16_fluor,scan_NneonWcrim_alllacZ_003_cropped,N2C3neon_WCS365crim_fullLacZ,B,7,WCS365-L_crim,N2C3-_neon,col0,0.001,0.001,2023-08-08,2023-08-10,2023-08-16,2023-08-22,12_12,110,23_23,0.5,0.5,5.8,
2023-08-16_fluor,scan_NneonWcrim_alllacZ_003_cropped,N2C3neon_WCS365crim_fullLacZ,C,7,WCS365-L_crim,MOCK-_neon,col0,0.001,0,2023-08-08,2023-08-10,2023-08-16,2023-08-22,12_12,110,23_23,0.5,0.5,5.8,
2023-08-16_fluor,scan_NneonWcrim_alllacZ_003_cropped,N2C3neon_WCS365crim_fullLacZ,D,7,WCS365-L_crim,MOCK-_neon,col0,0.001,0,2023-08-08,2023-08-10,2023-08-16,2023-08-22,12_12,110,23_23,0.5,0.5,5.8,
2023-08-16_fluor,scan_NneonWcrim_alllacZ_003_cropped,N2C3neon_WCS365crim_fullLacZ,E,7,WCS365-L_crim,N2C3-_neon,col0,0.001,0.001,2023-08-08,2023-08-10,2023-08-16,2023-08-22,12_12,110,23_23,0.5,0.5,5.8,
2023-08-16_fluor,scan_NneonWcrim_alllacZ_003_cropped,N2C3neon_WCS365crim_fullLacZ,F,7,WCS365-L_crim,N2C3-_neon,col0,0.001,0.001,2023-08-08,2023-08-10,2023-08-16,2023-08-22,12_12,110,23_23,0.5,0.5,5.8,
2023-08-16_fluor,scan_NneonWcrim_alllacZ_003_cropped,N2C3neon_WCS365crim_fullLacZ,G,7,WCS365-L_crim,MOCK-_neon,col0,0.001,0,2023-08-08,2023-08-10,2023-08-16,2023-08-22,12_12,110,23_23,0.5,0.5,5.8,
2023-08-16_fluor,scan_NneonWcrim_alllacZ_003_cropped,N2C3neon_WCS365crim_fullLacZ,H,7,WCS365-L_crim,MOCK-_neon,col0,0.001,0,2023-08-08,2023-08-10,2023-08-16,2023-08-22,12_12,110,23_23,0.5,0.5,5.8,
2023-08-16_fluor,scan_NneonWcrim_alllacZ_003_cropped,N2C3neon_WCS365crim_fullLacZ,A,8,WCS365-L_crim,N2C3-_neon,col0,0.001,0.001,2023-08-08,2023-08-10,2023-08-16,2023-08-22,12_12,110,23_23,0.5,0.5,5.8,
2023-08-16_fluor,scan_NneonWcrim_alllacZ_003_cropped,N2C3neon_WCS365crim_fullLacZ,B,8,WCS365-L_crim,N2C3-_neon,col0,0.001,0.001,2023-08-08,2023-08-10,2023-08-16,2023-08-22,12_12,110,23_23,0.5,0.5,5.8,
2023-08-16_fluor,scan_NneonWcrim_alllacZ_003_cropped,N2C3neon_WCS365crim_fullLacZ,C,8,WCS365-L_crim,MOCK-_neon,col0,0.001,0,2023-08-08,2023-08-10,2023-08-16,2023-08-22,12_12,110,23_23,0.5,0.5,5.8,
2023-08-16_fluor,scan_NneonWcrim_alllacZ_003_cropped,N2C3neon_WCS365crim_fullLacZ,D,8,WCS365-L_crim,MOCK-_neon,col0,0.001,0,2023-08-08,2023-08-10,2023-08-16,2023-08-22,12_12,110,23_23,0.5,0.5,5.8,
2023-08-16_fluor,scan_NneonWcrim_alllacZ_003_cropped,N2C3neon_WCS365crim_fullLacZ,E,8,WCS365-L_crim,N2C3-_neon,col0,0.001,0.001,2023-08-08,2023-08-10,2023-08-16,2023-08-22,12_12,110,23_23,0.5,0.5,5.8,
2023-08-16_fluor,scan_NneonWcrim_alllacZ_003_cropped,N2C3neon_WCS365crim_fullLacZ,F,8,WCS365-L_crim,N2C3-_neon,col0,0.001,0.001,2023-08-08,2023-08-10,2023-08-16,2023-08-22,12_12,110,23_23,0.5,0.5,5.8,
2023-08-16_fluor,scan_NneonWcrim_alllacZ_003_cropped,N2C3neon_WCS365crim_fullLacZ,G,8,WCS365-L_crim,MOCK-_neon,col0,0.001,0,2023-08-08,2023-08-10,2023-08-16,2023-08-22,12_12,110,23_23,0.5,0.5,5.8,
2023-08-16_fluor,scan_NneonWcrim_alllacZ_003_cropped,N2C3neon_WCS365crim_fullLacZ,H,8,WCS365-L_crim,MOCK-_neon,col0,0.001,0,2023-08-08,2023-08-10,2023-08-16,2023-08-22,12_12,110,23_23,0.5,0.5,5.8,
2023-08-16_fluor,scan_NneonWcrim_alllacZ_003_cropped,N2C3neon_WCS365crim_fullLacZ,A,9,WCS365-L_crim,N2C3-_neon,col0,0.001,0.001,2023-08-08,2023-08-10,2023-08-16,2023-08-22,12_12,110,23_23,0.5,0.5,5.8,
2023-08-16_fluor,scan_NneonWcrim_alllacZ_003_cropped,N2C3neon_WCS365crim_fullLacZ,B,9,WCS365-L_crim,N2C3-_neon,col0,0.001,0.001,2023-08-08,2023-08-10,2023-08-16,2023-08-22,12_12,110,23_23,0.5,0.5,5.8,
2023-08-16_fluor,scan_NneonWcrim_alllacZ_003_cropped,N2C3neon_WCS365crim_fullLacZ,C,9,WCS365-L_crim,MOCK-_neon,col0,0.001,0,2023-08-08,2023-08-10,2023-08-16,2023-08-22,12_12,110,23_23,0.5,0.5,5.8,
2023-08-16_fluor,scan_NneonWcrim_alllacZ_003_cropped,N2C3neon_WCS365crim_fullLacZ,D,9,WCS365-L_crim,MOCK-_neon,col0,0.001,0,2023-08-08,2023-08-10,2023-08-16,2023-08-22,12_12,110,23_23,0.5,0.5,5.8,
2023-08-16_fluor,scan_NneonWcrim_alllacZ_003_cropped,N2C3neon_WCS365crim_fullLacZ,E,9,WCS365-L_crim,N2C3-_neon,col0,0.001,0.001,2023-08-08,2023-08-10,2023-08-16,2023-08-22,12_12,110,23_23,0.5,0.5,5.8,
2023-08-16_fluor,scan_NneonWcrim_alllacZ_003_cropped,N2C3neon_WCS365crim_fullLacZ,F,9,WCS365-L_crim,N2C3-_neon,col0,0.001,0.001,2023-08-08,2023-08-10,2023-08-16,2023-08-22,12_12,110,23_23,0.5,0.5,5.8,
2023-08-16_fluor,scan_NneonWcrim_alllacZ_003_cropped,N2C3neon_WCS365crim_fullLacZ,G,9,WCS365-L_crim,MOCK-_neon,col0,0.001,0,2023-08-08,2023-08-10,2023-08-16,2023-08-22,12_12,110,23_23,0.5,0.5,5.8,
2023-08-16_fluor,scan_NneonWcrim_alllacZ_003_cropped,N2C3neon_WCS365crim_fullLacZ,H,9,WCS365-L_crim,MOCK-_neon,col0,0.001,0,2023-08-08,2023-08-10,2023-08-16,2023-08-22,12_12,110,23_23,0.5,0.5,5.8,
2023-08-16_fluor,scan_NneonWcrim_alllacZ_003_cropped,N2C3neon_WCS365crim_fullLacZ,A,10,MOCK-_crim,N2C3-_neon,col0,0,0.001,2023-08-08,2023-08-10,2023-08-16,2023-08-22,12_12,110,23_23,0.5,0.5,5.8,
2023-08-16_fluor,scan_NneonWcrim_alllacZ_003_cropped,N2C3neon_WCS365crim_fullLacZ,B,10,MOCK-_crim,N2C3-_neon,col0,0,0.001,2023-08-08,2023-08-10,2023-08-16,2023-08-22,12_12,110,23_23,0.5,0.5,5.8,
2023-08-16_fluor,scan_NneonWcrim_alllacZ_003_cropped,N2C3neon_WCS365crim_fullLacZ,C,10,MOCK-_crim,MOCK-_neon,col0,0,0,2023-08-08,2023-08-10,2023-08-16,2023-08-22,12_12,110,23_23,0.5,0.5,5.8,
2023-08-16_fluor,scan_NneonWcrim_alllacZ_003_cropped,N2C3neon_WCS365crim_fullLacZ,D,10,MOCK-_crim,MOCK-_neon,col0,0,0,2023-08-08,2023-08-10,2023-08-16,2023-08-22,12_12,110,23_23,0.5,0.5,5.8,
2023-08-16_fluor,scan_NneonWcrim_alllacZ_003_cropped,N2C3neon_WCS365crim_fullLacZ,E,10,MOCK-_crim,N2C3-_neon,col0,0,0.001,2023-08-08,2023-08-10,2023-08-16,2023-08-22,12_12,110,23_23,0.5,0.5,5.8,
2023-08-16_fluor,scan_NneonWcrim_alllacZ_003_cropped,N2C3neon_WCS365crim_fullLacZ,F,10,MOCK-_crim,N2C3-_neon,col0,0,0.001,2023-08-08,2023-08-10,2023-08-16,2023-08-22,12_12,110,23_23,0.5,0.5,5.8,
2023-08-16_fluor,scan_NneonWcrim_alllacZ_003_cropped,N2C3neon_WCS365crim_fullLacZ,G,10,MOCK-_crim,MOCK-_neon,col0,0,0,2023-08-08,2023-08-10,2023-08-16,2023-08-22,12_12,110,23_23,0.5,0.5,5.8,
2023-08-16_fluor,scan_NneonWcrim_alllacZ_003_cropped,N2C3neon_WCS365crim_fullLacZ,H,10,MOCK-_crim,MOCK-_neon,col0,0,0,2023-08-08,2023-08-10,2023-08-16,2023-08-22,12_12,110,23_23,0.5,0.5,5.8,
2023-08-16_fluor,scan_NneonWcrim_alllacZ_003_cropped,N2C3neon_WCS365crim_fullLacZ,A,11,MOCK-_crim,N2C3-_neon,col0,0,0.001,2023-08-08,2023-08-10,2023-08-16,2023-08-22,12_12,110,23_23,0.5,0.5,5.8,
2023-08-16_fluor,scan_NneonWcrim_alllacZ_003_cropped,N2C3neon_WCS365crim_fullLacZ,B,11,MOCK-_crim,N2C3-_neon,col0,0,0.001,2023-08-08,2023-08-10,2023-08-16,2023-08-22,12_12,110,23_23,0.5,0.5,5.8,
2023-08-16_fluor,scan_NneonWcrim_alllacZ_003_cropped,N2C3neon_WCS365crim_fullLacZ,C,11,MOCK-_crim,MOCK-_neon,col0,0,0,2023-08-08,2023-08-10,2023-08-16,2023-08-22,12_12,110,23_23,0.5,0.5,5.8,
2023-08-16_fluor,scan_NneonWcrim_alllacZ_003_cropped,N2C3neon_WCS365crim_fullLacZ,D,11,MOCK-_crim,MOCK-_neon,col0,0,0,2023-08-08,2023-08-10,2023-08-16,2023-08-22,12_12,110,23_23,0.5,0.5,5.8,
2023-08-16_fluor,scan_NneonWcrim_alllacZ_003_cropped,N2C3neon_WCS365crim_fullLacZ,E,11,MOCK-_crim,N2C3-_neon,col0,0,0.001,2023-08-08,2023-08-10,2023-08-16,2023-08-22,12_12,110,23_23,0.5,0.5,5.8,
2023-08-16_fluor,scan_NneonWcrim_alllacZ_003_cropped,N2C3neon_WCS365crim_fullLacZ,F,11,MOCK-_crim,N2C3-_neon,col0,0,0.001,2023-08-08,2023-08-10,2023-08-16,2023-08-22,12_12,110,23_23,0.5,0.5,5.8,
2023-08-16_fluor,scan_NneonWcrim_alllacZ_003_cropped,N2C3neon_WCS365crim_fullLacZ,G,11,MOCK-_crim,MOCK-_neon,col0,0,0,2023-08-08,2023-08-10,2023-08-16,2023-08-22,12_12,110,23_23,0.5,0.5,5.8,
2023-08-16_fluor,scan_NneonWcrim_alllacZ_003_cropped,N2C3neon_WCS365crim_fullLacZ,H,11,MOCK-_crim,MOCK-_neon,col0,0,0,2023-08-08,2023-08-10,2023-08-16,2023-08-22,12_12,110,23_23,0.5,0.5,5.8,
2023-08-16_fluor,scan_NneonWcrim_alllacZ_003_cropped,N2C3neon_WCS365crim_fullLacZ,A,12,MOCK-_crim,N2C3-_neon,col0,0,0.001,2023-08-08,2023-08-10,2023-08-16,2023-08-22,12_12,110,23_23,0.5,0.5,5.8,
2023-08-16_fluor,scan_NneonWcrim_alllacZ_003_cropped,N2C3neon_WCS365crim_fullLacZ,B,12,MOCK-_crim,N2C3-_neon,col0,0,0.001,2023-08-08,2023-08-10,2023-08-16,2023-08-22,12_12,110,23_23,0.5,0.5,5.8,
2023-08-16_fluor,scan_NneonWcrim_alllacZ_003_cropped,N2C3neon_WCS365crim_fullLacZ,C,12,MOCK-_crim,MOCK-_neon,col0,0,0,2023-08-08,2023-08-10,2023-08-16,2023-08-22,12_12,110,23_23,0.5,0.5,5.8,
2023-08-16_fluor,scan_NneonWcrim_alllacZ_003_cropped,N2C3neon_WCS365crim_fullLacZ,D,12,MOCK-_crim,MOCK-_neon,col0,0,0,2023-08-08,2023-08-10,2023-08-16,2023-08-22,12_12,110,23_23,0.5,0.5,5.8,
2023-08-16_fluor,scan_NneonWcrim_alllacZ_003_cropped,N2C3neon_WCS365crim_fullLacZ,E,12,MOCK-_crim,N2C3-_neon,col0,0,0.001,2023-08-08,2023-08-10,2023-08-16,2023-08-22,12_12,110,23_23,0.5,0.5,5.8,
2023-08-16_fluor,scan_NneonWcrim_alllacZ_003_cropped,N2C3neon_WCS365crim_fullLacZ,F,12,MOCK-_crim,N2C3-_neon,col0,0,0.001,2023-08-08,2023-08-10,2023-08-16,2023-08-22,12_12,110,23_23,0.5,0.5,5.8,
2023-08-16_fluor,scan_NneonWcrim_alllacZ_003_cropped,N2C3neon_WCS365crim_fullLacZ,G,12,MOCK-_crim,MOCK-_neon,col0,0,0,2023-08-08,2023-08-10,2023-08-16,2023-08-22,12_12,110,23_23,0.5,0.5,5.8,
2023-08-16_fluor,scan_NneonWcrim_alllacZ_003_cropped,N2C3neon_WCS365crim_fullLacZ,H,12,MOCK-_crim,MOCK-_neon,col0,0,0,2023-08-08,2023-08-10,2023-08-16,2023-08-22,12_12,110,23_23,0.5,0.5,5.8,
2023-08-16_fluor,scan_NneonWcrim_halflacZ_004_cropped,N2C3neon_WCS365crim_halfLacZ,A,1,WCS365-L_crim,N2C3-_neon,col0,0.001,0.001,2023-08-08,2023-08-10,2023-08-16,2023-08-22,12_12,110,23_23,0.5,0.5,5.8,
2023-08-16_fluor,scan_NneonWcrim_halflacZ_004_cropped,N2C3neon_WCS365crim_halfLacZ,B,1,WCS365-L_crim,N2C3-_neon,col0,0.001,0.001,2023-08-08,2023-08-10,2023-08-16,2023-08-22,12_12,110,23_23,0.5,0.5,5.8,
2023-08-16_fluor,scan_NneonWcrim_halflacZ_004_cropped,N2C3neon_WCS365crim_halfLacZ,C,1,WCS365-L_crim,MOCK-_neon,col0,0.001,0,2023-08-08,2023-08-10,2023-08-16,2023-08-22,12_12,110,23_23,0.5,0.5,5.8,
2023-08-16_fluor,scan_NneonWcrim_halflacZ_004_cropped,N2C3neon_WCS365crim_halfLacZ,D,1,WCS365-L_crim,MOCK-_neon,col0,0.001,0,2023-08-08,2023-08-10,2023-08-16,2023-08-22,12_12,110,23_23,0.5,0.5,5.8,
2023-08-16_fluor,scan_NneonWcrim_halflacZ_004_cropped,N2C3neon_WCS365crim_halfLacZ,E,1,WCS365-L_crim,N2C3-_neon,col0,0.001,0.001,2023-08-08,2023-08-10,2023-08-16,2023-08-22,12_12,110,23_23,0.5,0.5,5.8,
2023-08-16_fluor,scan_NneonWcrim_halflacZ_004_cropped,N2C3neon_WCS365crim_halfLacZ,F,1,WCS365-L_crim,N2C3-_neon,col0,0.001,0.001,2023-08-08,2023-08-10,2023-08-16,2023-08-22,12_12,110,23_23,0.5,0.5,5.8,
2023-08-16_fluor,scan_NneonWcrim_halflacZ_004_cropped,N2C3neon_WCS365crim_halfLacZ,G,1,WCS365-L_crim,MOCK-_neon,col0,0.001,0,2023-08-08,2023-08-10,2023-08-16,2023-08-22,12_12,110,23_23,0.5,0.5,5.8,
2023-08-16_fluor,scan_NneonWcrim_halflacZ_004_cropped,N2C3neon_WCS365crim_halfLacZ,H,1,WCS365-L_crim,MOCK-_neon,col0,0.001,0,2023-08-08,2023-08-10,2023-08-16,2023-08-22,12_12,110,23_23,0.5,0.5,5.8,
2023-08-16_fluor,scan_NneonWcrim_halflacZ_004_cropped,N2C3neon_WCS365crim_halfLacZ,A,2,WCS365-L_crim,N2C3-_neon,col0,0.001,0.001,2023-08-08,2023-08-10,2023-08-16,2023-08-22,12_12,110,23_23,0.5,0.5,5.8,
2023-08-16_fluor,scan_NneonWcrim_halflacZ_004_cropped,N2C3neon_WCS365crim_halfLacZ,B,2,WCS365-L_crim,N2C3-_neon,col0,0.001,0.001,2023-08-08,2023-08-10,2023-08-16,2023-08-22,12_12,110,23_23,0.5,0.5,5.8,
2023-08-16_fluor,scan_NneonWcrim_halflacZ_004_cropped,N2C3neon_WCS365crim_halfLacZ,C,2,WCS365-L_crim,MOCK-_neon,col0,0.001,0,2023-08-08,2023-08-10,2023-08-16,2023-08-22,12_12,110,23_23,0.5,0.5,5.8,
2023-08-16_fluor,scan_NneonWcrim_halflacZ_004_cropped,N2C3neon_WCS365crim_halfLacZ,D,2,WCS365-L_crim,MOCK-_neon,col0,0.001,0,2023-08-08,2023-08-10,2023-08-16,2023-08-22,12_12,110,23_23,0.5,0.5,5.8,
2023-08-16_fluor,scan_NneonWcrim_halflacZ_004_cropped,N2C3neon_WCS365crim_halfLacZ,E,2,WCS365-L_crim,N2C3-_neon,col0,0.001,0.001,2023-08-08,2023-08-10,2023-08-16,2023-08-22,12_12,110,23_23,0.5,0.5,5.8,
2023-08-16_fluor,scan_NneonWcrim_halflacZ_004_cropped,N2C3neon_WCS365crim_halfLacZ,F,2,WCS365-L_crim,N2C3-_neon,col0,0.001,0.001,2023-08-08,2023-08-10,2023-08-16,2023-08-22,12_12,110,23_23,0.5,0.5,5.8,
2023-08-16_fluor,scan_NneonWcrim_halflacZ_004_cropped,N2C3neon_WCS365crim_halfLacZ,G,2,WCS365-L_crim,MOCK-_neon,col0,0.001,0,2023-08-08,2023-08-10,2023-08-16,2023-08-22,12_12,110,23_23,0.5,0.5,5.8,
2023-08-16_fluor,scan_NneonWcrim_halflacZ_004_cropped,N2C3neon_WCS365crim_halfLacZ,H,2,WCS365-L_crim,MOCK-_neon,col0,0.001,0,2023-08-08,2023-08-10,2023-08-16,2023-08-22,12_12,110,23_23,0.5,0.5,5.8,
2023-08-16_fluor,scan_NneonWcrim_halflacZ_004_cropped,N2C3neon_WCS365crim_halfLacZ,A,3,WCS365-L_crim,N2C3-_neon,col0,0.001,0.001,2023-08-08,2023-08-10,2023-08-16,2023-08-22,12_12,110,23_23,0.5,0.5,5.8,
2023-08-16_fluor,scan_NneonWcrim_halflacZ_004_cropped,N2C3neon_WCS365crim_halfLacZ,B,3,WCS365-L_crim,N2C3-_neon,col0,0.001,0.001,2023-08-08,2023-08-10,2023-08-16,2023-08-22,12_12,110,23_23,0.5,0.5,5.8,
2023-08-16_fluor,scan_NneonWcrim_halflacZ_004_cropped,N2C3neon_WCS365crim_halfLacZ,C,3,WCS365-L_crim,MOCK-_neon,col0,0.001,0,2023-08-08,2023-08-10,2023-08-16,2023-08-22,12_12,110,23_23,0.5,0.5,5.8,
2023-08-16_fluor,scan_NneonWcrim_halflacZ_004_cropped,N2C3neon_WCS365crim_halfLacZ,D,3,WCS365-L_crim,MOCK-_neon,col0,0.001,0,2023-08-08,2023-08-10,2023-08-16,2023-08-22,12_12,110,23_23,0.5,0.5,5.8,
2023-08-16_fluor,scan_NneonWcrim_halflacZ_004_cropped,N2C3neon_WCS365crim_halfLacZ,E,3,WCS365-L_crim,N2C3-_neon,col0,0.001,0.001,2023-08-08,2023-08-10,2023-08-16,2023-08-22,12_12,110,23_23,0.5,0.5,5.8,
2023-08-16_fluor,scan_NneonWcrim_halflacZ_004_cropped,N2C3neon_WCS365crim_halfLacZ,F,3,WCS365-L_crim,N2C3-_neon,col0,0.001,0.001,2023-08-08,2023-08-10,2023-08-16,2023-08-22,12_12,110,23_23,0.5,0.5,5.8,
2023-08-16_fluor,scan_NneonWcrim_halflacZ_004_cropped,N2C3neon_WCS365crim_halfLacZ,G,3,WCS365-L_crim,MOCK-_neon,col0,0.001,0,2023-08-08,2023-08-10,2023-08-16,2023-08-22,12_12,110,23_23,0.5,0.5,5.8,
2023-08-16_fluor,scan_NneonWcrim_halflacZ_004_cropped,N2C3neon_WCS365crim_halfLacZ,H,3,WCS365-L_crim,MOCK-_neon,col0,0.001,0,2023-08-08,2023-08-10,2023-08-16,2023-08-22,12_12,110,23_23,0.5,0.5,5.8,
2023-08-16_fluor,scan_NneonWcrim_halflacZ_004_cropped,N2C3neon_WCS365crim_halfLacZ,A,4,MOCK-_crim,N2C3-_neon,col0,0,0.001,2023-08-08,2023-08-10,2023-08-16,2023-08-22,12_12,110,23_23,0.5,0.5,5.8,
2023-08-16_fluor,scan_NneonWcrim_halflacZ_004_cropped,N2C3neon_WCS365crim_halfLacZ,B,4,MOCK-_crim,N2C3-_neon,col0,0,0.001,2023-08-08,2023-08-10,2023-08-16,2023-08-22,12_12,110,23_23,0.5,0.5,5.8,
2023-08-16_fluor,scan_NneonWcrim_halflacZ_004_cropped,N2C3neon_WCS365crim_halfLacZ,C,4,MOCK-_crim,MOCK-_neon,col0,0,0,2023-08-08,2023-08-10,2023-08-16,2023-08-22,12_12,110,23_23,0.5,0.5,5.8,
2023-08-16_fluor,scan_NneonWcrim_halflacZ_004_cropped,N2C3neon_WCS365crim_halfLacZ,D,4,MOCK-_crim,MOCK-_neon,col0,0,0,2023-08-08,2023-08-10,2023-08-16,2023-08-22,12_12,110,23_23,0.5,0.5,5.8,
2023-08-16_fluor,scan_NneonWcrim_halflacZ_004_cropped,N2C3neon_WCS365crim_halfLacZ,E,4,MOCK-_crim,N2C3-_neon,col0,0,0.001,2023-08-08,2023-08-10,2023-08-16,2023-08-22,12_12,110,23_23,0.5,0.5,5.8,
2023-08-16_fluor,scan_NneonWcrim_halflacZ_004_cropped,N2C3neon_WCS365crim_halfLacZ,F,4,MOCK-_crim,N2C3-_neon,col0,0,0.001,2023-08-08,2023-08-10,2023-08-16,2023-08-22,12_12,110,23_23,0.5,0.5,5.8,
2023-08-16_fluor,scan_NneonWcrim_halflacZ_004_cropped,N2C3neon_WCS365crim_halfLacZ,G,4,MOCK-_crim,MOCK-_neon,col0,0,0,2023-08-08,2023-08-10,2023-08-16,2023-08-22,12_12,110,23_23,0.5,0.5,5.8,
2023-08-16_fluor,scan_NneonWcrim_halflacZ_004_cropped,N2C3neon_WCS365crim_halfLacZ,H,4,MOCK-_crim,MOCK-_neon,col0,0,0,2023-08-08,2023-08-10,2023-08-16,2023-08-22,12_12,110,23_23,0.5,0.5,5.8,
2023-08-16_fluor,scan_NneonWcrim_halflacZ_004_cropped,N2C3neon_WCS365crim_halfLacZ,A,5,MOCK-_crim,N2C3-_neon,col0,0,0.001,2023-08-08,2023-08-10,2023-08-16,2023-08-22,12_12,110,23_23,0.5,0.5,5.8,
2023-08-16_fluor,scan_NneonWcrim_halflacZ_004_cropped,N2C3neon_WCS365crim_halfLacZ,B,5,MOCK-_crim,N2C3-_neon,col0,0,0.001,2023-08-08,2023-08-10,2023-08-16,2023-08-22,12_12,110,23_23,0.5,0.5,5.8,
2023-08-16_fluor,scan_NneonWcrim_halflacZ_004_cropped,N2C3neon_WCS365crim_halfLacZ,C,5,MOCK-_crim,MOCK-_neon,col0,0,0,2023-08-08,2023-08-10,2023-08-16,2023-08-22,12_12,110,23_23,0.5,0.5,5.8,
2023-08-16_fluor,scan_NneonWcrim_halflacZ_004_cropped,N2C3neon_WCS365crim_halfLacZ,D,5,MOCK-_crim,MOCK-_neon,col0,0,0,2023-08-08,2023-08-10,2023-08-16,2023-08-22,12_12,110,23_23,0.5,0.5,5.8,
2023-08-16_fluor,scan_NneonWcrim_halflacZ_004_cropped,N2C3neon_WCS365crim_halfLacZ,E,5,MOCK-_crim,N2C3-_neon,col0,0,0.001,2023-08-08,2023-08-10,2023-08-16,2023-08-22,12_12,110,23_23,0.5,0.5,5.8,
2023-08-16_fluor,scan_NneonWcrim_halflacZ_004_cropped,N2C3neon_WCS365crim_halfLacZ,F,5,MOCK-_crim,N2C3-_neon,col0,0,0.001,2023-08-08,2023-08-10,2023-08-16,2023-08-22,12_12,110,23_23,0.5,0.5,5.8,
2023-08-16_fluor,scan_NneonWcrim_halflacZ_004_cropped,N2C3neon_WCS365crim_halfLacZ,G,5,MOCK-_crim,MOCK-_neon,col0,0,0,2023-08-08,2023-08-10,2023-08-16,2023-08-22,12_12,110,23_23,0.5,0.5,5.8,
2023-08-16_fluor,scan_NneonWcrim_halflacZ_004_cropped,N2C3neon_WCS365crim_halfLacZ,H,5,MOCK-_crim,MOCK-_neon,col0,0,0,2023-08-08,2023-08-10,2023-08-16,2023-08-22,12_12,110,23_23,0.5,0.5,5.8,
2023-08-16_fluor,scan_NneonWcrim_halflacZ_004_cropped,N2C3neon_WCS365crim_halfLacZ,A,6,MOCK-_crim,N2C3-_neon,col0,0,0.001,2023-08-08,2023-08-10,2023-08-16,2023-08-22,12_12,110,23_23,0.5,0.5,5.8,
2023-08-16_fluor,scan_NneonWcrim_halflacZ_004_cropped,N2C3neon_WCS365crim_halfLacZ,B,6,MOCK-_crim,N2C3-_neon,col0,0,0.001,2023-08-08,2023-08-10,2023-08-16,2023-08-22,12_12,110,23_23,0.5,0.5,5.8,
2023-08-16_fluor,scan_NneonWcrim_halflacZ_004_cropped,N2C3neon_WCS365crim_halfLacZ,C,6,MOCK-_crim,MOCK-_neon,col0,0,0,2023-08-08,2023-08-10,2023-08-16,2023-08-22,12_12,110,23_23,0.5,0.5,5.8,
2023-08-16_fluor,scan_NneonWcrim_halflacZ_004_cropped,N2C3neon_WCS365crim_halfLacZ,D,6,MOCK-_crim,MOCK-_neon,col0,0,0,2023-08-08,2023-08-10,2023-08-16,2023-08-22,12_12,110,23_23,0.5,0.5,5.8,
2023-08-16_fluor,scan_NneonWcrim_halflacZ_004_cropped,N2C3neon_WCS365crim_halfLacZ,E,6,MOCK-_crim,N2C3-_neon,col0,0,0.001,2023-08-08,2023-08-10,2023-08-16,2023-08-22,12_12,110,23_23,0.5,0.5,5.8,
2023-08-16_fluor,scan_NneonWcrim_halflacZ_004_cropped,N2C3neon_WCS365crim_halfLacZ,F,6,MOCK-_crim,N2C3-_neon,col0,0,0.001,2023-08-08,2023-08-10,2023-08-16,2023-08-22,12_12,110,23_23,0.5,0.5,5.8,
2023-08-16_fluor,scan_NneonWcrim_halflacZ_004_cropped,N2C3neon_WCS365crim_halfLacZ,G,6,MOCK-_crim,MOCK-_neon,col0,0,0,2023-08-08,2023-08-10,2023-08-16,2023-08-22,12_12,110,23_23,0.5,0.5,5.8,
2023-08-16_fluor,scan_NneonWcrim_halflacZ_004_cropped,N2C3neon_WCS365crim_halfLacZ,H,6,MOCK-_crim,MOCK-_neon,col0,0,0,2023-08-08,2023-08-10,2023-08-16,2023-08-22,12_12,110,23_23,0.5,0.5,5.8,
2023-08-16_fluor,scan_NneonWcrim_halflacZ_004_cropped,N2C3neon_WCS365crim_halfLacZ,A,7,WCS365-_crim,N2C3-_neon,col0,0.001,0.001,2023-08-08,2023-08-10,2023-08-16,2023-08-22,12_12,110,23_23,0.5,0.5,5.8,
2023-08-16_fluor,scan_NneonWcrim_halflacZ_004_cropped,N2C3neon_WCS365crim_halfLacZ,B,7,WCS365-_crim,N2C3-_neon,col0,0.001,0.001,2023-08-08,2023-08-10,2023-08-16,2023-08-22,12_12,110,23_23,0.5,0.5,5.8,
2023-08-16_fluor,scan_NneonWcrim_halflacZ_004_cropped,N2C3neon_WCS365crim_halfLacZ,C,7,WCS365-_crim,MOCK-_neon,col0,0.001,0,2023-08-08,2023-08-10,2023-08-16,2023-08-22,12_12,110,23_23,0.5,0.5,5.8,
2023-08-16_fluor,scan_NneonWcrim_halflacZ_004_cropped,N2C3neon_WCS365crim_halfLacZ,D,7,WCS365-_crim,MOCK-_neon,col0,0.001,0,2023-08-08,2023-08-10,2023-08-16,2023-08-22,12_12,110,23_23,0.5,0.5,5.8,
2023-08-16_fluor,scan_NneonWcrim_halflacZ_004_cropped,N2C3neon_WCS365crim_halfLacZ,E,7,WCS365-_crim,N2C3-_neon,col0,0.001,0.001,2023-08-08,2023-08-10,2023-08-16,2023-08-22,12_12,110,23_23,0.5,0.5,5.8,
2023-08-16_fluor,scan_NneonWcrim_halflacZ_004_cropped,N2C3neon_WCS365crim_halfLacZ,F,7,WCS365-_crim,N2C3-_neon,col0,0.001,0.001,2023-08-08,2023-08-10,2023-08-16,2023-08-22,12_12,110,23_23,0.5,0.5,5.8,
2023-08-16_fluor,scan_NneonWcrim_halflacZ_004_cropped,N2C3neon_WCS365crim_halfLacZ,G,7,WCS365-_crim,MOCK-_neon,col0,0.001,0,2023-08-08,2023-08-10,2023-08-16,2023-08-22,12_12,110,23_23,0.5,0.5,5.8,
2023-08-16_fluor,scan_NneonWcrim_halflacZ_004_cropped,N2C3neon_WCS365crim_halfLacZ,H,7,WCS365-_crim,MOCK-_neon,col0,0.001,0,2023-08-08,2023-08-10,2023-08-16,2023-08-22,12_12,110,23_23,0.5,0.5,5.8,
2023-08-16_fluor,scan_NneonWcrim_halflacZ_004_cropped,N2C3neon_WCS365crim_halfLacZ,A,8,WCS365-_crim,N2C3-_neon,col0,0.001,0.001,2023-08-08,2023-08-10,2023-08-16,2023-08-22,12_12,110,23_23,0.5,0.5,5.8,
2023-08-16_fluor,scan_NneonWcrim_halflacZ_004_cropped,N2C3neon_WCS365crim_halfLacZ,B,8,WCS365-_crim,N2C3-_neon,col0,0.001,0.001,2023-08-08,2023-08-10,2023-08-16,2023-08-22,12_12,110,23_23,0.5,0.5,5.8,
2023-08-16_fluor,scan_NneonWcrim_halflacZ_004_cropped,N2C3neon_WCS365crim_halfLacZ,C,8,WCS365-_crim,MOCK-_neon,col0,0.001,0,2023-08-08,2023-08-10,2023-08-16,2023-08-22,12_12,110,23_23,0.5,0.5,5.8,
2023-08-16_fluor,scan_NneonWcrim_halflacZ_004_cropped,N2C3neon_WCS365crim_halfLacZ,D,8,WCS365-_crim,MOCK-_neon,col0,0.001,0,2023-08-08,2023-08-10,2023-08-16,2023-08-22,12_12,110,23_23,0.5,0.5,5.8,
2023-08-16_fluor,scan_NneonWcrim_halflacZ_004_cropped,N2C3neon_WCS365crim_halfLacZ,E,8,WCS365-_crim,N2C3-_neon,col0,0.001,0.001,2023-08-08,2023-08-10,2023-08-16,2023-08-22,12_12,110,23_23,0.5,0.5,5.8,
2023-08-16_fluor,scan_NneonWcrim_halflacZ_004_cropped,N2C3neon_WCS365crim_halfLacZ,F,8,WCS365-_crim,N2C3-_neon,col0,0.001,0.001,2023-08-08,2023-08-10,2023-08-16,2023-08-22,12_12,110,23_23,0.5,0.5,5.8,
2023-08-16_fluor,scan_NneonWcrim_halflacZ_004_cropped,N2C3neon_WCS365crim_halfLacZ,G,8,WCS365-_crim,MOCK-_neon,col0,0.001,0,2023-08-08,2023-08-10,2023-08-16,2023-08-22,12_12,110,23_23,0.5,0.5,5.8,
2023-08-16_fluor,scan_NneonWcrim_halflacZ_004_cropped,N2C3neon_WCS365crim_halfLacZ,H,8,WCS365-_crim,MOCK-_neon,col0,0.001,0,2023-08-08,2023-08-10,2023-08-16,2023-08-22,12_12,110,23_23,0.5,0.5,5.8,
2023-08-16_fluor,scan_NneonWcrim_halflacZ_004_cropped,N2C3neon_WCS365crim_halfLacZ,A,9,WCS365-_crim,N2C3-_neon,col0,0.001,0.001,2023-08-08,2023-08-10,2023-08-16,2023-08-22,12_12,110,23_23,0.5,0.5,5.8,
2023-08-16_fluor,scan_NneonWcrim_halflacZ_004_cropped,N2C3neon_WCS365crim_halfLacZ,B,9,WCS365-_crim,N2C3-_neon,col0,0.001,0.001,2023-08-08,2023-08-10,2023-08-16,2023-08-22,12_12,110,23_23,0.5,0.5,5.8,
2023-08-16_fluor,scan_NneonWcrim_halflacZ_004_cropped,N2C3neon_WCS365crim_halfLacZ,C,9,WCS365-_crim,MOCK-_neon,col0,0.001,0,2023-08-08,2023-08-10,2023-08-16,2023-08-22,12_12,110,23_23,0.5,0.5,5.8,
2023-08-16_fluor,scan_NneonWcrim_halflacZ_004_cropped,N2C3neon_WCS365crim_halfLacZ,D,9,WCS365-_crim,MOCK-_neon,col0,0.001,0,2023-08-08,2023-08-10,2023-08-16,2023-08-22,12_12,110,23_23,0.5,0.5,5.8,
2023-08-16_fluor,scan_NneonWcrim_halflacZ_004_cropped,N2C3neon_WCS365crim_halfLacZ,E,9,WCS365-_crim,N2C3-_neon,col0,0.001,0.001,2023-08-08,2023-08-10,2023-08-16,2023-08-22,12_12,110,23_23,0.5,0.5,5.8,
2023-08-16_fluor,scan_NneonWcrim_halflacZ_004_cropped,N2C3neon_WCS365crim_halfLacZ,F,9,WCS365-_crim,N2C3-_neon,col0,0.001,0.001,2023-08-08,2023-08-10,2023-08-16,2023-08-22,12_12,110,23_23,0.5,0.5,5.8,
2023-08-16_fluor,scan_NneonWcrim_halflacZ_004_cropped,N2C3neon_WCS365crim_halfLacZ,G,9,WCS365-_crim,MOCK-_neon,col0,0.001,0,2023-08-08,2023-08-10,2023-08-16,2023-08-22,12_12,110,23_23,0.5,0.5,5.8,
2023-08-16_fluor,scan_NneonWcrim_halflacZ_004_cropped,N2C3neon_WCS365crim_halfLacZ,H,9,WCS365-_crim,MOCK-_neon,col0,0.001,0,2023-08-08,2023-08-10,2023-08-16,2023-08-22,12_12,110,23_23,0.5,0.5,5.8,
2023-08-16_fluor,scan_NneonWcrim_halflacZ_004_cropped,N2C3neon_WCS365crim_halfLacZ,A,10,MOCK-_crim,N2C3-_neon,col0,0,0.001,2023-08-08,2023-08-10,2023-08-16,2023-08-22,12_12,110,23_23,0.5,0.5,5.8,
2023-08-16_fluor,scan_NneonWcrim_halflacZ_004_cropped,N2C3neon_WCS365crim_halfLacZ,B,10,MOCK-_crim,N2C3-_neon,col0,0,0.001,2023-08-08,2023-08-10,2023-08-16,2023-08-22,12_12,110,23_23,0.5,0.5,5.8,
2023-08-16_fluor,scan_NneonWcrim_halflacZ_004_cropped,N2C3neon_WCS365crim_halfLacZ,C,10,MOCK-_crim,MOCK-_neon,col0,0,0,2023-08-08,2023-08-10,2023-08-16,2023-08-22,12_12,110,23_23,0.5,0.5,5.8,
2023-08-16_fluor,scan_NneonWcrim_halflacZ_004_cropped,N2C3neon_WCS365crim_halfLacZ,D,10,MOCK-_crim,MOCK-_neon,col0,0,0,2023-08-08,2023-08-10,2023-08-16,2023-08-22,12_12,110,23_23,0.5,0.5,5.8,
2023-08-16_fluor,scan_NneonWcrim_halflacZ_004_cropped,N2C3neon_WCS365crim_halfLacZ,E,10,MOCK-_crim,N2C3-_neon,col0,0,0.001,2023-08-08,2023-08-10,2023-08-16,2023-08-22,12_12,110,23_23,0.5,0.5,5.8,
2023-08-16_fluor,scan_NneonWcrim_halflacZ_004_cropped,N2C3neon_WCS365crim_halfLacZ,F,10,MOCK-_crim,N2C3-_neon,col0,0,0.001,2023-08-08,2023-08-10,2023-08-16,2023-08-22,12_12,110,23_23,0.5,0.5,5.8,
2023-08-16_fluor,scan_NneonWcrim_halflacZ_004_cropped,N2C3neon_WCS365crim_halfLacZ,G,10,MOCK-_crim,MOCK-_neon,col0,0,0,2023-08-08,2023-08-10,2023-08-16,2023-08-22,12_12,110,23_23,0.5,0.5,5.8,
2023-08-16_fluor,scan_NneonWcrim_halflacZ_004_cropped,N2C3neon_WCS365crim_halfLacZ,H,10,MOCK-_crim,MOCK-_neon,col0,0,0,2023-08-08,2023-08-10,2023-08-16,2023-08-22,12_12,110,23_23,0.5,0.5,5.8,
2023-08-16_fluor,scan_NneonWcrim_halflacZ_004_cropped,N2C3neon_WCS365crim_halfLacZ,A,11,MOCK-_crim,N2C3-_neon,col0,0,0.001,2023-08-08,2023-08-10,2023-08-16,2023-08-22,12_12,110,23_23,0.5,0.5,5.8,
2023-08-16_fluor,scan_NneonWcrim_halflacZ_004_cropped,N2C3neon_WCS365crim_halfLacZ,B,11,MOCK-_crim,N2C3-_neon,col0,0,0.001,2023-08-08,2023-08-10,2023-08-16,2023-08-22,12_12,110,23_23,0.5,0.5,5.8,
2023-08-16_fluor,scan_NneonWcrim_halflacZ_004_cropped,N2C3neon_WCS365crim_halfLacZ,C,11,MOCK-_crim,MOCK-_neon,col0,0,0,2023-08-08,2023-08-10,2023-08-16,2023-08-22,12_12,110,23_23,0.5,0.5,5.8,
2023-08-16_fluor,scan_NneonWcrim_halflacZ_004_cropped,N2C3neon_WCS365crim_halfLacZ,D,11,MOCK-_crim,MOCK-_neon,col0,0,0,2023-08-08,2023-08-10,2023-08-16,2023-08-22,12_12,110,23_23,0.5,0.5,5.8,
2023-08-16_fluor,scan_NneonWcrim_halflacZ_004_cropped,N2C3neon_WCS365crim_halfLacZ,E,11,MOCK-_crim,N2C3-_neon,col0,0,0.001,2023-08-08,2023-08-10,2023-08-16,2023-08-22,12_12,110,23_23,0.5,0.5,5.8,
2023-08-16_fluor,scan_NneonWcrim_halflacZ_004_cropped,N2C3neon_WCS365crim_halfLacZ,F,11,MOCK-_crim,N2C3-_neon,col0,0,0.001,2023-08-08,2023-08-10,2023-08-16,2023-08-22,12_12,110,23_23,0.5,0.5,5.8,
2023-08-16_fluor,scan_NneonWcrim_halflacZ_004_cropped,N2C3neon_WCS365crim_halfLacZ,G,11,MOCK-_crim,MOCK-_neon,col0,0,0,2023-08-08,2023-08-10,2023-08-16,2023-08-22,12_12,110,23_23,0.5,0.5,5.8,
2023-08-16_fluor,scan_NneonWcrim_halflacZ_004_cropped,N2C3neon_WCS365crim_halfLacZ,H,11,MOCK-_crim,MOCK-_neon,col0,0,0,2023-08-08,2023-08-10,2023-08-16,2023-08-22,12_12,110,23_23,0.5,0.5,5.8,
2023-08-16_fluor,scan_NneonWcrim_halflacZ_004_cropped,N2C3neon_WCS365crim_halfLacZ,A,12,MOCK-_crim,N2C3-_neon,col0,0,0.001,2023-08-08,2023-08-10,2023-08-16,2023-08-22,12_12,110,23_23,0.5,0.5,5.8,
2023-08-16_fluor,scan_NneonWcrim_halflacZ_004_cropped,N2C3neon_WCS365crim_halfLacZ,B,12,MOCK-_crim,N2C3-_neon,col0,0,0.001,2023-08-08,2023-08-10,2023-08-16,2023-08-22,12_12,110,23_23,0.5,0.5,5.8,
2023-08-16_fluor,scan_NneonWcrim_halflacZ_004_cropped,N2C3neon_WCS365crim_halfLacZ,C,12,MOCK-_crim,MOCK-_neon,col0,0,0,2023-08-08,2023-08-10,2023-08-16,2023-08-22,12_12,110,23_23,0.5,0.5,5.8,
2023-08-16_fluor,scan_NneonWcrim_halflacZ_004_cropped,N2C3neon_WCS365crim_halfLacZ,D,12,MOCK-_crim,MOCK-_neon,col0,0,0,2023-08-08,2023-08-10,2023-08-16,2023-08-22,12_12,110,23_23,0.5,0.5,5.8,
2023-08-16_fluor,scan_NneonWcrim_halflacZ_004_cropped,N2C3neon_WCS365crim_halfLacZ,E,12,MOCK-_crim,N2C3-_neon,col0,0,0.001,2023-08-08,2023-08-10,2023-08-16,2023-08-22,12_12,110,23_23,0.5,0.5,5.8,
2023-08-16_fluor,scan_NneonWcrim_halflacZ_004_cropped,N2C3neon_WCS365crim_halfLacZ,F,12,MOCK-_crim,N2C3-_neon,col0,0,0.001,2023-08-08,2023-08-10,2023-08-16,2023-08-22,12_12,110,23_23,0.5,0.5,5.8,
2023-08-16_fluor,scan_NneonWcrim_halflacZ_004_cropped,N2C3neon_WCS365crim_halfLacZ,G,12,MOCK-_crim,MOCK-_neon,col0,0,0,2023-08-08,2023-08-10,2023-08-16,2023-08-22,12_12,110,23_23,0.5,0.5,5.8,
2023-08-16_fluor,scan_NneonWcrim_halflacZ_004_cropped,N2C3neon_WCS365crim_halfLacZ,H,12,MOCK-_crim,MOCK-_neon,col0,0,0,2023-08-08,2023-08-10,2023-08-16,2023-08-22,12_12,110,23_23,0.5,0.5,5.8,
2023-08-16_fluor,scan_NcrimWneon_alllacZ_001_cropped,N2C3crim_WCS365neon_fullLacZ,A,1,WCS365-L_neon,N2C3-_crim,col0,0.001,0.001,2023-08-08,2023-08-10,2023-08-16,2023-08-22,12_12,110,23_23,0.5,0.5,5.8,
2023-08-16_fluor,scan_NcrimWneon_alllacZ_001_cropped,N2C3crim_WCS365neon_fullLacZ,B,1,WCS365-L_neon,N2C3-_crim,col0,0.001,0.001,2023-08-08,2023-08-10,2023-08-16,2023-08-22,12_12,110,23_23,0.5,0.5,5.8,
2023-08-16_fluor,scan_NcrimWneon_alllacZ_001_cropped,N2C3crim_WCS365neon_fullLacZ,C,1,WCS365-L_neon,MOCK-_neon,col0,0.001,0,2023-08-08,2023-08-10,2023-08-16,2023-08-22,12_12,110,23_23,0.5,0.5,5.8,
2023-08-16_fluor,scan_NcrimWneon_alllacZ_001_cropped,N2C3crim_WCS365neon_fullLacZ,D,1,WCS365-L_neon,MOCK-_neon,col0,0.001,0,2023-08-08,2023-08-10,2023-08-16,2023-08-22,12_12,110,23_23,0.5,0.5,5.8,
2023-08-16_fluor,scan_NcrimWneon_alllacZ_001_cropped,N2C3crim_WCS365neon_fullLacZ,E,1,WCS365-L_neon,N2C3-_crim,col0,0.001,0.001,2023-08-08,2023-08-10,2023-08-16,2023-08-22,12_12,110,23_23,0.5,0.5,5.8,
2023-08-16_fluor,scan_NcrimWneon_alllacZ_001_cropped,N2C3crim_WCS365neon_fullLacZ,F,1,WCS365-L_neon,N2C3-_crim,col0,0.001,0.001,2023-08-08,2023-08-10,2023-08-16,2023-08-22,12_12,110,23_23,0.5,0.5,5.8,
2023-08-16_fluor,scan_NcrimWneon_alllacZ_001_cropped,N2C3crim_WCS365neon_fullLacZ,G,1,WCS365-L_neon,MOCK-_neon,col0,0.001,0,2023-08-08,2023-08-10,2023-08-16,2023-08-22,12_12,110,23_23,0.5,0.5,5.8,
2023-08-16_fluor,scan_NcrimWneon_alllacZ_001_cropped,N2C3crim_WCS365neon_fullLacZ,H,1,WCS365-L_neon,MOCK-_neon,col0,0.001,0,2023-08-08,2023-08-10,2023-08-16,2023-08-22,12_12,110,23_23,0.5,0.5,5.8,
2023-08-16_fluor,scan_NcrimWneon_alllacZ_001_cropped,N2C3crim_WCS365neon_fullLacZ,A,2,WCS365-L_neon,N2C3-_crim,col0,0.001,0.001,2023-08-08,2023-08-10,2023-08-16,2023-08-22,12_12,110,23_23,0.5,0.5,5.8,
2023-08-16_fluor,scan_NcrimWneon_alllacZ_001_cropped,N2C3crim_WCS365neon_fullLacZ,B,2,WCS365-L_neon,N2C3-_crim,col0,0.001,0.001,2023-08-08,2023-08-10,2023-08-16,2023-08-22,12_12,110,23_23,0.5,0.5,5.8,
2023-08-16_fluor,scan_NcrimWneon_alllacZ_001_cropped,N2C3crim_WCS365neon_fullLacZ,C,2,WCS365-L_neon,MOCK-_neon,col0,0.001,0,2023-08-08,2023-08-10,2023-08-16,2023-08-22,12_12,110,23_23,0.5,0.5,5.8,
2023-08-16_fluor,scan_NcrimWneon_alllacZ_001_cropped,N2C3crim_WCS365neon_fullLacZ,D,2,WCS365-L_neon,MOCK-_neon,col0,0.001,0,2023-08-08,2023-08-10,2023-08-16,2023-08-22,12_12,110,23_23,0.5,0.5,5.8,
2023-08-16_fluor,scan_NcrimWneon_alllacZ_001_cropped,N2C3crim_WCS365neon_fullLacZ,E,2,WCS365-L_neon,N2C3-_crim,col0,0.001,0.001,2023-08-08,2023-08-10,2023-08-16,2023-08-22,12_12,110,23_23,0.5,0.5,5.8,
2023-08-16_fluor,scan_NcrimWneon_alllacZ_001_cropped,N2C3crim_WCS365neon_fullLacZ,F,2,WCS365-L_neon,N2C3-_crim,col0,0.001,0.001,2023-08-08,2023-08-10,2023-08-16,2023-08-22,12_12,110,23_23,0.5,0.5,5.8,
2023-08-16_fluor,scan_NcrimWneon_alllacZ_001_cropped,N2C3crim_WCS365neon_fullLacZ,G,2,WCS365-L_neon,MOCK-_neon,col0,0.001,0,2023-08-08,2023-08-10,2023-08-16,2023-08-22,12_12,110,23_23,0.5,0.5,5.8,
2023-08-16_fluor,scan_NcrimWneon_alllacZ_001_cropped,N2C3crim_WCS365neon_fullLacZ,H,2,WCS365-L_neon,MOCK-_neon,col0,0.001,0,2023-08-08,2023-08-10,2023-08-16,2023-08-22,12_12,110,23_23,0.5,0.5,5.8,
2023-08-16_fluor,scan_NcrimWneon_alllacZ_001_cropped,N2C3crim_WCS365neon_fullLacZ,A,3,WCS365-L_neon,N2C3-_crim,col0,0.001,0.001,2023-08-08,2023-08-10,2023-08-16,2023-08-22,12_12,110,23_23,0.5,0.5,5.8,
2023-08-16_fluor,scan_NcrimWneon_alllacZ_001_cropped,N2C3crim_WCS365neon_fullLacZ,B,3,WCS365-L_neon,N2C3-_crim,col0,0.001,0.001,2023-08-08,2023-08-10,2023-08-16,2023-08-22,12_12,110,23_23,0.5,0.5,5.8,
2023-08-16_fluor,scan_NcrimWneon_alllacZ_001_cropped,N2C3crim_WCS365neon_fullLacZ,C,3,WCS365-L_neon,MOCK-_neon,col0,0.001,0,2023-08-08,2023-08-10,2023-08-16,2023-08-22,12_12,110,23_23,0.5,0.5,5.8,
2023-08-16_fluor,scan_NcrimWneon_alllacZ_001_cropped,N2C3crim_WCS365neon_fullLacZ,D,3,WCS365-L_neon,MOCK-_neon,col0,0.001,0,2023-08-08,2023-08-10,2023-08-16,2023-08-22,12_12,110,23_23,0.5,0.5,5.8,
2023-08-16_fluor,scan_NcrimWneon_alllacZ_001_cropped,N2C3crim_WCS365neon_fullLacZ,E,3,WCS365-L_neon,N2C3-_crim,col0,0.001,0.001,2023-08-08,2023-08-10,2023-08-16,2023-08-22,12_12,110,23_23,0.5,0.5,5.8,
2023-08-16_fluor,scan_NcrimWneon_alllacZ_001_cropped,N2C3crim_WCS365neon_fullLacZ,F,3,WCS365-L_neon,N2C3-_crim,col0,0.001,0.001,2023-08-08,2023-08-10,2023-08-16,2023-08-22,12_12,110,23_23,0.5,0.5,5.8,
2023-08-16_fluor,scan_NcrimWneon_alllacZ_001_cropped,N2C3crim_WCS365neon_fullLacZ,G,3,WCS365-L_neon,MOCK-_neon,col0,0.001,0,2023-08-08,2023-08-10,2023-08-16,2023-08-22,12_12,110,23_23,0.5,0.5,5.8,
2023-08-16_fluor,scan_NcrimWneon_alllacZ_001_cropped,N2C3crim_WCS365neon_fullLacZ,H,3,WCS365-L_neon,MOCK-_neon,col0,0.001,0,2023-08-08,2023-08-10,2023-08-16,2023-08-22,12_12,110,23_23,0.5,0.5,5.8,
2023-08-16_fluor,scan_NcrimWneon_alllacZ_001_cropped,N2C3crim_WCS365neon_fullLacZ,A,4,MOCK-_neon,N2C3-_crim,col0,0,0.001,2023-08-08,2023-08-10,2023-08-16,2023-08-22,12_12,110,23_23,0.5,0.5,5.8,
2023-08-16_fluor,scan_NcrimWneon_alllacZ_001_cropped,N2C3crim_WCS365neon_fullLacZ,B,4,MOCK-_neon,N2C3-_crim,col0,0,0.001,2023-08-08,2023-08-10,2023-08-16,2023-08-22,12_12,110,23_23,0.5,0.5,5.8,
2023-08-16_fluor,scan_NcrimWneon_alllacZ_001_cropped,N2C3crim_WCS365neon_fullLacZ,C,4,MOCK-_neon,MOCK-_neon,col0,0,0,2023-08-08,2023-08-10,2023-08-16,2023-08-22,12_12,110,23_23,0.5,0.5,5.8,
2023-08-16_fluor,scan_NcrimWneon_alllacZ_001_cropped,N2C3crim_WCS365neon_fullLacZ,D,4,MOCK-_neon,MOCK-_neon,col0,0,0,2023-08-08,2023-08-10,2023-08-16,2023-08-22,12_12,110,23_23,0.5,0.5,5.8,
2023-08-16_fluor,scan_NcrimWneon_alllacZ_001_cropped,N2C3crim_WCS365neon_fullLacZ,E,4,MOCK-_neon,N2C3-_crim,col0,0,0.001,2023-08-08,2023-08-10,2023-08-16,2023-08-22,12_12,110,23_23,0.5,0.5,5.8,
2023-08-16_fluor,scan_NcrimWneon_alllacZ_001_cropped,N2C3crim_WCS365neon_fullLacZ,F,4,MOCK-_neon,N2C3-_crim,col0,0,0.001,2023-08-08,2023-08-10,2023-08-16,2023-08-22,12_12,110,23_23,0.5,0.5,5.8,
2023-08-16_fluor,scan_NcrimWneon_alllacZ_001_cropped,N2C3crim_WCS365neon_fullLacZ,G,4,MOCK-_neon,MOCK-_neon,col0,0,0,2023-08-08,2023-08-10,2023-08-16,2023-08-22,12_12,110,23_23,0.5,0.5,5.8,
2023-08-16_fluor,scan_NcrimWneon_alllacZ_001_cropped,N2C3crim_WCS365neon_fullLacZ,H,4,MOCK-_neon,MOCK-_neon,col0,0,0,2023-08-08,2023-08-10,2023-08-16,2023-08-22,12_12,110,23_23,0.5,0.5,5.8,
2023-08-16_fluor,scan_NcrimWneon_alllacZ_001_cropped,N2C3crim_WCS365neon_fullLacZ,A,5,MOCK-_neon,N2C3-_crim,col0,0,0.001,2023-08-08,2023-08-10,2023-08-16,2023-08-22,12_12,110,23_23,0.5,0.5,5.8,
2023-08-16_fluor,scan_NcrimWneon_alllacZ_001_cropped,N2C3crim_WCS365neon_fullLacZ,B,5,MOCK-_neon,N2C3-_crim,col0,0,0.001,2023-08-08,2023-08-10,2023-08-16,2023-08-22,12_12,110,23_23,0.5,0.5,5.8,
2023-08-16_fluor,scan_NcrimWneon_alllacZ_001_cropped,N2C3crim_WCS365neon_fullLacZ,C,5,MOCK-_neon,MOCK-_neon,col0,0,0,2023-08-08,2023-08-10,2023-08-16,2023-08-22,12_12,110,23_23,0.5,0.5,5.8,
2023-08-16_fluor,scan_NcrimWneon_alllacZ_001_cropped,N2C3crim_WCS365neon_fullLacZ,D,5,MOCK-_neon,MOCK-_neon,col0,0,0,2023-08-08,2023-08-10,2023-08-16,2023-08-22,12_12,110,23_23,0.5,0.5,5.8,
2023-08-16_fluor,scan_NcrimWneon_alllacZ_001_cropped,N2C3crim_WCS365neon_fullLacZ,E,5,MOCK-_neon,N2C3-_crim,col0,0,0.001,2023-08-08,2023-08-10,2023-08-16,2023-08-22,12_12,110,23_23,0.5,0.5,5.8,
2023-08-16_fluor,scan_NcrimWneon_alllacZ_001_cropped,N2C3crim_WCS365neon_fullLacZ,F,5,MOCK-_neon,N2C3-_crim,col0,0,0.001,2023-08-08,2023-08-10,2023-08-16,2023-08-22,12_12,110,23_23,0.5,0.5,5.8,
2023-08-16_fluor,scan_NcrimWneon_alllacZ_001_cropped,N2C3crim_WCS365neon_fullLacZ,G,5,MOCK-_neon,MOCK-_neon,col0,0,0,2023-08-08,2023-08-10,2023-08-16,2023-08-22,12_12,110,23_23,0.5,0.5,5.8,
2023-08-16_fluor,scan_NcrimWneon_alllacZ_001_cropped,N2C3crim_WCS365neon_fullLacZ,H,5,MOCK-_neon,MOCK-_neon,col0,0,0,2023-08-08,2023-08-10,2023-08-16,2023-08-22,12_12,110,23_23,0.5,0.5,5.8,
2023-08-16_fluor,scan_NcrimWneon_alllacZ_001_cropped,N2C3crim_WCS365neon_fullLacZ,A,6,MOCK-_neon,N2C3-_crim,col0,0,0.001,2023-08-08,2023-08-10,2023-08-16,2023-08-22,12_12,110,23_23,0.5,0.5,5.8,
2023-08-16_fluor,scan_NcrimWneon_alllacZ_001_cropped,N2C3crim_WCS365neon_fullLacZ,B,6,MOCK-_neon,N2C3-_crim,col0,0,0.001,2023-08-08,2023-08-10,2023-08-16,2023-08-22,12_12,110,23_23,0.5,0.5,5.8,
2023-08-16_fluor,scan_NcrimWneon_alllacZ_001_cropped,N2C3crim_WCS365neon_fullLacZ,C,6,MOCK-_neon,MOCK-_neon,col0,0,0,2023-08-08,2023-08-10,2023-08-16,2023-08-22,12_12,110,23_23,0.5,0.5,5.8,
2023-08-16_fluor,scan_NcrimWneon_alllacZ_001_cropped,N2C3crim_WCS365neon_fullLacZ,D,6,MOCK-_neon,MOCK-_neon,col0,0,0,2023-08-08,2023-08-10,2023-08-16,2023-08-22,12_12,110,23_23,0.5,0.5,5.8,
2023-08-16_fluor,scan_NcrimWneon_alllacZ_001_cropped,N2C3crim_WCS365neon_fullLacZ,E,6,MOCK-_neon,N2C3-_crim,col0,0,0.001,2023-08-08,2023-08-10,2023-08-16,2023-08-22,12_12,110,23_23,0.5,0.5,5.8,
2023-08-16_fluor,scan_NcrimWneon_alllacZ_001_cropped,N2C3crim_WCS365neon_fullLacZ,F,6,MOCK-_neon,N2C3-_crim,col0,0,0.001,2023-08-08,2023-08-10,2023-08-16,2023-08-22,12_12,110,23_23,0.5,0.5,5.8,
2023-08-16_fluor,scan_NcrimWneon_alllacZ_001_cropped,N2C3crim_WCS365neon_fullLacZ,G,6,MOCK-_neon,MOCK-_neon,col0,0,0,2023-08-08,2023-08-10,2023-08-16,2023-08-22,12_12,110,23_23,0.5,0.5,5.8,
2023-08-16_fluor,scan_NcrimWneon_alllacZ_001_cropped,N2C3crim_WCS365neon_fullLacZ,H,6,MOCK-_neon,MOCK-_neon,col0,0,0,2023-08-08,2023-08-10,2023-08-16,2023-08-22,12_12,110,23_23,0.5,0.5,5.8,
2023-08-16_fluor,scan_NcrimWneon_alllacZ_001_cropped,N2C3crim_WCS365neon_fullLacZ,A,7,WCS365-L_neon,N2C3-_crim,col0,0.001,0.001,2023-08-08,2023-08-10,2023-08-16,2023-08-22,12_12,110,23_23,0.5,0.5,5.8,
2023-08-16_fluor,scan_NcrimWneon_alllacZ_001_cropped,N2C3crim_WCS365neon_fullLacZ,B,7,WCS365-L_neon,N2C3-_crim,col0,0.001,0.001,2023-08-08,2023-08-10,2023-08-16,2023-08-22,12_12,110,23_23,0.5,0.5,5.8,
2023-08-16_fluor,scan_NcrimWneon_alllacZ_001_cropped,N2C3crim_WCS365neon_fullLacZ,C,7,WCS365-L_neon,MOCK-_crim,col0,0.001,0,2023-08-08,2023-08-10,2023-08-16,2023-08-22,12_12,110,23_23,0.5,0.5,5.8,
2023-08-16_fluor,scan_NcrimWneon_alllacZ_001_cropped,N2C3crim_WCS365neon_fullLacZ,D,7,WCS365-L_neon,MOCK-_crim,col0,0.001,0,2023-08-08,2023-08-10,2023-08-16,2023-08-22,12_12,110,23_23,0.5,0.5,5.8,
2023-08-16_fluor,scan_NcrimWneon_alllacZ_001_cropped,N2C3crim_WCS365neon_fullLacZ,E,7,WCS365-L_neon,N2C3-_crim,col0,0.001,0.001,2023-08-08,2023-08-10,2023-08-16,2023-08-22,12_12,110,23_23,0.5,0.5,5.8,
2023-08-16_fluor,scan_NcrimWneon_alllacZ_001_cropped,N2C3crim_WCS365neon_fullLacZ,F,7,WCS365-L_neon,N2C3-_crim,col0,0.001,0.001,2023-08-08,2023-08-10,2023-08-16,2023-08-22,12_12,110,23_23,0.5,0.5,5.8,
2023-08-16_fluor,scan_NcrimWneon_alllacZ_001_cropped,N2C3crim_WCS365neon_fullLacZ,G,7,WCS365-L_neon,MOCK-_crim,col0,0.001,0,2023-08-08,2023-08-10,2023-08-16,2023-08-22,12_12,110,23_23,0.5,0.5,5.8,
2023-08-16_fluor,scan_NcrimWneon_alllacZ_001_cropped,N2C3crim_WCS365neon_fullLacZ,H,7,WCS365-L_neon,MOCK-_crim,col0,0.001,0,2023-08-08,2023-08-10,2023-08-16,2023-08-22,12_12,110,23_23,0.5,0.5,5.8,
2023-08-16_fluor,scan_NcrimWneon_alllacZ_001_cropped,N2C3crim_WCS365neon_fullLacZ,A,8,WCS365-L_neon,N2C3-_crim,col0,0.001,0.001,2023-08-08,2023-08-10,2023-08-16,2023-08-22,12_12,110,23_23,0.5,0.5,5.8,
2023-08-16_fluor,scan_NcrimWneon_alllacZ_001_cropped,N2C3crim_WCS365neon_fullLacZ,B,8,WCS365-L_neon,N2C3-_crim,col0,0.001,0.001,2023-08-08,2023-08-10,2023-08-16,2023-08-22,12_12,110,23_23,0.5,0.5,5.8,
2023-08-16_fluor,scan_NcrimWneon_alllacZ_001_cropped,N2C3crim_WCS365neon_fullLacZ,C,8,WCS365-L_neon,MOCK-_crim,col0,0.001,0,2023-08-08,2023-08-10,2023-08-16,2023-08-22,12_12,110,23_23,0.5,0.5,5.8,
2023-08-16_fluor,scan_NcrimWneon_alllacZ_001_cropped,N2C3crim_WCS365neon_fullLacZ,D,8,WCS365-L_neon,MOCK-_crim,col0,0.001,0,2023-08-08,2023-08-10,2023-08-16,2023-08-22,12_12,110,23_23,0.5,0.5,5.8,
2023-08-16_fluor,scan_NcrimWneon_alllacZ_001_cropped,N2C3crim_WCS365neon_fullLacZ,E,8,WCS365-L_neon,N2C3-_crim,col0,0.001,0.001,2023-08-08,2023-08-10,2023-08-16,2023-08-22,12_12,110,23_23,0.5,0.5,5.8,
2023-08-16_fluor,scan_NcrimWneon_alllacZ_001_cropped,N2C3crim_WCS365neon_fullLacZ,F,8,WCS365-L_neon,N2C3-_crim,col0,0.001,0.001,2023-08-08,2023-08-10,2023-08-16,2023-08-22,12_12,110,23_23,0.5,0.5,5.8,
2023-08-16_fluor,scan_NcrimWneon_alllacZ_001_cropped,N2C3crim_WCS365neon_fullLacZ,G,8,WCS365-L_neon,MOCK-_crim,col0,0.001,0,2023-08-08,2023-08-10,2023-08-16,2023-08-22,12_12,110,23_23,0.5,0.5,5.8,
2023-08-16_fluor,scan_NcrimWneon_alllacZ_001_cropped,N2C3crim_WCS365neon_fullLacZ,H,8,WCS365-L_neon,MOCK-_crim,col0,0.001,0,2023-08-08,2023-08-10,2023-08-16,2023-08-22,12_12,110,23_23,0.5,0.5,5.8,
2023-08-16_fluor,scan_NcrimWneon_alllacZ_001_cropped,N2C3crim_WCS365neon_fullLacZ,A,9,WCS365-L_neon,N2C3-_crim,col0,0.001,0.001,2023-08-08,2023-08-10,2023-08-16,2023-08-22,12_12,110,23_23,0.5,0.5,5.8,
2023-08-16_fluor,scan_NcrimWneon_alllacZ_001_cropped,N2C3crim_WCS365neon_fullLacZ,B,9,WCS365-L_neon,N2C3-_crim,col0,0.001,0.001,2023-08-08,2023-08-10,2023-08-16,2023-08-22,12_12,110,23_23,0.5,0.5,5.8,
2023-08-16_fluor,scan_NcrimWneon_alllacZ_001_cropped,N2C3crim_WCS365neon_fullLacZ,C,9,WCS365-L_neon,MOCK-_crim,col0,0.001,0,2023-08-08,2023-08-10,2023-08-16,2023-08-22,12_12,110,23_23,0.5,0.5,5.8,
2023-08-16_fluor,scan_NcrimWneon_alllacZ_001_cropped,N2C3crim_WCS365neon_fullLacZ,D,9,WCS365-L_neon,MOCK-_crim,col0,0.001,0,2023-08-08,2023-08-10,2023-08-16,2023-08-22,12_12,110,23_23,0.5,0.5,5.8,
2023-08-16_fluor,scan_NcrimWneon_alllacZ_001_cropped,N2C3crim_WCS365neon_fullLacZ,E,9,WCS365-L_neon,N2C3-_crim,col0,0.001,0.001,2023-08-08,2023-08-10,2023-08-16,2023-08-22,12_12,110,23_23,0.5,0.5,5.8,
2023-08-16_fluor,scan_NcrimWneon_alllacZ_001_cropped,N2C3crim_WCS365neon_fullLacZ,F,9,WCS365-L_neon,N2C3-_crim,col0,0.001,0.001,2023-08-08,2023-08-10,2023-08-16,2023-08-22,12_12,110,23_23,0.5,0.5,5.8,
2023-08-16_fluor,scan_NcrimWneon_alllacZ_001_cropped,N2C3crim_WCS365neon_fullLacZ,G,9,WCS365-L_neon,MOCK-_crim,col0,0.001,0,2023-08-08,2023-08-10,2023-08-16,2023-08-22,12_12,110,23_23,0.5,0.5,5.8,
2023-08-16_fluor,scan_NcrimWneon_alllacZ_001_cropped,N2C3crim_WCS365neon_fullLacZ,H,9,WCS365-L_neon,MOCK-_crim,col0,0.001,0,2023-08-08,2023-08-10,2023-08-16,2023-08-22,12_12,110,23_23,0.5,0.5,5.8,
2023-08-16_fluor,scan_NcrimWneon_alllacZ_001_cropped,N2C3crim_WCS365neon_fullLacZ,A,10,MOCK-_neon,N2C3-_crim,col0,0,0.001,2023-08-08,2023-08-10,2023-08-16,2023-08-22,12_12,110,23_23,0.5,0.5,5.8,
2023-08-16_fluor,scan_NcrimWneon_alllacZ_001_cropped,N2C3crim_WCS365neon_fullLacZ,B,10,MOCK-_neon,N2C3-_crim,col0,0,0.001,2023-08-08,2023-08-10,2023-08-16,2023-08-22,12_12,110,23_23,0.5,0.5,5.8,
2023-08-16_fluor,scan_NcrimWneon_alllacZ_001_cropped,N2C3crim_WCS365neon_fullLacZ,C,10,MOCK-_neon,MOCK-_crim,col0,0,0,2023-08-08,2023-08-10,2023-08-16,2023-08-22,12_12,110,23_23,0.5,0.5,5.8,
2023-08-16_fluor,scan_NcrimWneon_alllacZ_001_cropped,N2C3crim_WCS365neon_fullLacZ,D,10,MOCK-_neon,MOCK-_crim,col0,0,0,2023-08-08,2023-08-10,2023-08-16,2023-08-22,12_12,110,23_23,0.5,0.5,5.8,
2023-08-16_fluor,scan_NcrimWneon_alllacZ_001_cropped,N2C3crim_WCS365neon_fullLacZ,E,10,MOCK-_neon,N2C3-_crim,col0,0,0.001,2023-08-08,2023-08-10,2023-08-16,2023-08-22,12_12,110,23_23,0.5,0.5,5.8,
2023-08-16_fluor,scan_NcrimWneon_alllacZ_001_cropped,N2C3crim_WCS365neon_fullLacZ,F,10,MOCK-_neon,N2C3-_crim,col0,0,0.001,2023-08-08,2023-08-10,2023-08-16,2023-08-22,12_12,110,23_23,0.5,0.5,5.8,
2023-08-16_fluor,scan_NcrimWneon_alllacZ_001_cropped,N2C3crim_WCS365neon_fullLacZ,G,10,MOCK-_neon,MOCK-_crim,col0,0,0,2023-08-08,2023-08-10,2023-08-16,2023-08-22,12_12,110,23_23,0.5,0.5,5.8,
2023-08-16_fluor,scan_NcrimWneon_alllacZ_001_cropped,N2C3crim_WCS365neon_fullLacZ,H,10,MOCK-_neon,MOCK-_crim,col0,0,0,2023-08-08,2023-08-10,2023-08-16,2023-08-22,12_12,110,23_23,0.5,0.5,5.8,
2023-08-16_fluor,scan_NcrimWneon_alllacZ_001_cropped,N2C3crim_WCS365neon_fullLacZ,A,11,MOCK-_neon,N2C3-_crim,col0,0,0.001,2023-08-08,2023-08-10,2023-08-16,2023-08-22,12_12,110,23_23,0.5,0.5,5.8,
2023-08-16_fluor,scan_NcrimWneon_alllacZ_001_cropped,N2C3crim_WCS365neon_fullLacZ,B,11,MOCK-_neon,N2C3-_crim,col0,0,0.001,2023-08-08,2023-08-10,2023-08-16,2023-08-22,12_12,110,23_23,0.5,0.5,5.8,
2023-08-16_fluor,scan_NcrimWneon_alllacZ_001_cropped,N2C3crim_WCS365neon_fullLacZ,C,11,MOCK-_neon,MOCK-_crim,col0,0,0,2023-08-08,2023-08-10,2023-08-16,2023-08-22,12_12,110,23_23,0.5,0.5,5.8,
2023-08-16_fluor,scan_NcrimWneon_alllacZ_001_cropped,N2C3crim_WCS365neon_fullLacZ,D,11,MOCK-_neon,MOCK-_crim,col0,0,0,2023-08-08,2023-08-10,2023-08-16,2023-08-22,12_12,110,23_23,0.5,0.5,5.8,
2023-08-16_fluor,scan_NcrimWneon_alllacZ_001_cropped,N2C3crim_WCS365neon_fullLacZ,E,11,MOCK-_neon,N2C3-_crim,col0,0,0.001,2023-08-08,2023-08-10,2023-08-16,2023-08-22,12_12,110,23_23,0.5,0.5,5.8,
2023-08-16_fluor,scan_NcrimWneon_alllacZ_001_cropped,N2C3crim_WCS365neon_fullLacZ,F,11,MOCK-_neon,N2C3-_crim,col0,0,0.001,2023-08-08,2023-08-10,2023-08-16,2023-08-22,12_12,110,23_23,0.5,0.5,5.8,
2023-08-16_fluor,scan_NcrimWneon_alllacZ_001_cropped,N2C3crim_WCS365neon_fullLacZ,G,11,MOCK-_neon,MOCK-_crim,col0,0,0,2023-08-08,2023-08-10,2023-08-16,2023-08-22,12_12,110,23_23,0.5,0.5,5.8,
2023-08-16_fluor,scan_NcrimWneon_alllacZ_001_cropped,N2C3crim_WCS365neon_fullLacZ,H,11,MOCK-_neon,MOCK-_crim,col0,0,0,2023-08-08,2023-08-10,2023-08-16,2023-08-22,12_12,110,23_23,0.5,0.5,5.8,
2023-08-16_fluor,scan_NcrimWneon_alllacZ_001_cropped,N2C3crim_WCS365neon_fullLacZ,A,12,MOCK-_neon,N2C3-_crim,col0,0,0.001,2023-08-08,2023-08-10,2023-08-16,2023-08-22,12_12,110,23_23,0.5,0.5,5.8,
2023-08-16_fluor,scan_NcrimWneon_alllacZ_001_cropped,N2C3crim_WCS365neon_fullLacZ,B,12,MOCK-_neon,N2C3-_crim,col0,0,0.001,2023-08-08,2023-08-10,2023-08-16,2023-08-22,12_12,110,23_23,0.5,0.5,5.8,
2023-08-16_fluor,scan_NcrimWneon_alllacZ_001_cropped,N2C3crim_WCS365neon_fullLacZ,C,12,MOCK-_neon,MOCK-_crim,col0,0,0,2023-08-08,2023-08-10,2023-08-16,2023-08-22,12_12,110,23_23,0.5,0.5,5.8,
2023-08-16_fluor,scan_NcrimWneon_alllacZ_001_cropped,N2C3crim_WCS365neon_fullLacZ,D,12,MOCK-_neon,MOCK-_crim,col0,0,0,2023-08-08,2023-08-10,2023-08-16,2023-08-22,12_12,110,23_23,0.5,0.5,5.8,
2023-08-16_fluor,scan_NcrimWneon_alllacZ_001_cropped,N2C3crim_WCS365neon_fullLacZ,E,12,MOCK-_neon,N2C3-_crim,col0,0,0.001,2023-08-08,2023-08-10,2023-08-16,2023-08-22,12_12,110,23_23,0.5,0.5,5.8,
2023-08-16_fluor,scan_NcrimWneon_alllacZ_001_cropped,N2C3crim_WCS365neon_fullLacZ,F,12,MOCK-_neon,N2C3-_crim,col0,0,0.001,2023-08-08,2023-08-10,2023-08-16,2023-08-22,12_12,110,23_23,0.5,0.5,5.8,
2023-08-16_fluor,scan_NcrimWneon_alllacZ_001_cropped,N2C3crim_WCS365neon_fullLacZ,G,12,MOCK-_neon,MOCK-_crim,col0,0,0,2023-08-08,2023-08-10,2023-08-16,2023-08-22,12_12,110,23_23,0.5,0.5,5.8,
2023-08-16_fluor,scan_NcrimWneon_alllacZ_001_cropped,N2C3crim_WCS365neon_fullLacZ,H,12,MOCK-_neon,MOCK-_crim,col0,0,0,2023-08-08,2023-08-10,2023-08-16,2023-08-22,12_12,110,23_23,0.5,0.5,5.8,
2023-08-16_fluor,scan_NcrimWneon_halflacZ_002_cropped,N2C3crim_WCS365neon_halfLacZ,A,1,WCS365-L_neon,N2C3-_crim,col0,0.001,0.001,2023-08-08,2023-08-10,2023-08-16,2023-08-22,12_12,110,23_23,0.5,0.5,5.8,
2023-08-16_fluor,scan_NcrimWneon_halflacZ_002_cropped,N2C3crim_WCS365neon_halfLacZ,B,1,WCS365-L_neon,N2C3-_crim,col0,0.001,0.001,2023-08-08,2023-08-10,2023-08-16,2023-08-22,12_12,110,23_23,0.5,0.5,5.8,
2023-08-16_fluor,scan_NcrimWneon_halflacZ_002_cropped,N2C3crim_WCS365neon_halfLacZ,C,1,WCS365-L_neon,MOCK-_neon,col0,0.001,0,2023-08-08,2023-08-10,2023-08-16,2023-08-22,12_12,110,23_23,0.5,0.5,5.8,
2023-08-16_fluor,scan_NcrimWneon_halflacZ_002_cropped,N2C3crim_WCS365neon_halfLacZ,D,1,WCS365-L_neon,MOCK-_neon,col0,0.001,0,2023-08-08,2023-08-10,2023-08-16,2023-08-22,12_12,110,23_23,0.5,0.5,5.8,
2023-08-16_fluor,scan_NcrimWneon_halflacZ_002_cropped,N2C3crim_WCS365neon_halfLacZ,E,1,WCS365-L_neon,N2C3-_crim,col0,0.001,0.001,2023-08-08,2023-08-10,2023-08-16,2023-08-22,12_12,110,23_23,0.5,0.5,5.8,
2023-08-16_fluor,scan_NcrimWneon_halflacZ_002_cropped,N2C3crim_WCS365neon_halfLacZ,F,1,WCS365-L_neon,N2C3-_crim,col0,0.001,0.001,2023-08-08,2023-08-10,2023-08-16,2023-08-22,12_12,110,23_23,0.5,0.5,5.8,
2023-08-16_fluor,scan_NcrimWneon_halflacZ_002_cropped,N2C3crim_WCS365neon_halfLacZ,G,1,WCS365-L_neon,MOCK-_neon,col0,0.001,0,2023-08-08,2023-08-10,2023-08-16,2023-08-22,12_12,110,23_23,0.5,0.5,5.8,
2023-08-16_fluor,scan_NcrimWneon_halflacZ_002_cropped,N2C3crim_WCS365neon_halfLacZ,H,1,WCS365-L_neon,MOCK-_neon,col0,0.001,0,2023-08-08,2023-08-10,2023-08-16,2023-08-22,12_12,110,23_23,0.5,0.5,5.8,
2023-08-16_fluor,scan_NcrimWneon_halflacZ_002_cropped,N2C3crim_WCS365neon_halfLacZ,A,2,WCS365-L_neon,N2C3-_crim,col0,0.001,0.001,2023-08-08,2023-08-10,2023-08-16,2023-08-22,12_12,110,23_23,0.5,0.5,5.8,
2023-08-16_fluor,scan_NcrimWneon_halflacZ_002_cropped,N2C3crim_WCS365neon_halfLacZ,B,2,WCS365-L_neon,N2C3-_crim,col0,0.001,0.001,2023-08-08,2023-08-10,2023-08-16,2023-08-22,12_12,110,23_23,0.5,0.5,5.8,
2023-08-16_fluor,scan_NcrimWneon_halflacZ_002_cropped,N2C3crim_WCS365neon_halfLacZ,C,2,WCS365-L_neon,MOCK-_neon,col0,0.001,0,2023-08-08,2023-08-10,2023-08-16,2023-08-22,12_12,110,23_23,0.5,0.5,5.8,
2023-08-16_fluor,scan_NcrimWneon_halflacZ_002_cropped,N2C3crim_WCS365neon_halfLacZ,D,2,WCS365-L_neon,MOCK-_neon,col0,0.001,0,2023-08-08,2023-08-10,2023-08-16,2023-08-22,12_12,110,23_23,0.5,0.5,5.8,
2023-08-16_fluor,scan_NcrimWneon_halflacZ_002_cropped,N2C3crim_WCS365neon_halfLacZ,E,2,WCS365-L_neon,N2C3-_crim,col0,0.001,0.001,2023-08-08,2023-08-10,2023-08-16,2023-08-22,12_12,110,23_23,0.5,0.5,5.8,
2023-08-16_fluor,scan_NcrimWneon_halflacZ_002_cropped,N2C3crim_WCS365neon_halfLacZ,F,2,WCS365-L_neon,N2C3-_crim,col0,0.001,0.001,2023-08-08,2023-08-10,2023-08-16,2023-08-22,12_12,110,23_23,0.5,0.5,5.8,
2023-08-16_fluor,scan_NcrimWneon_halflacZ_002_cropped,N2C3crim_WCS365neon_halfLacZ,G,2,WCS365-L_neon,MOCK-_neon,col0,0.001,0,2023-08-08,2023-08-10,2023-08-16,2023-08-22,12_12,110,23_23,0.5,0.5,5.8,
2023-08-16_fluor,scan_NcrimWneon_halflacZ_002_cropped,N2C3crim_WCS365neon_halfLacZ,H,2,WCS365-L_neon,MOCK-_neon,col0,0.001,0,2023-08-08,2023-08-10,2023-08-16,2023-08-22,12_12,110,23_23,0.5,0.5,5.8,
2023-08-16_fluor,scan_NcrimWneon_halflacZ_002_cropped,N2C3crim_WCS365neon_halfLacZ,A,3,WCS365-L_neon,N2C3-_crim,col0,0.001,0.001,2023-08-08,2023-08-10,2023-08-16,2023-08-22,12_12,110,23_23,0.5,0.5,5.8,
2023-08-16_fluor,scan_NcrimWneon_halflacZ_002_cropped,N2C3crim_WCS365neon_halfLacZ,B,3,WCS365-L_neon,N2C3-_crim,col0,0.001,0.001,2023-08-08,2023-08-10,2023-08-16,2023-08-22,12_12,110,23_23,0.5,0.5,5.8,
2023-08-16_fluor,scan_NcrimWneon_halflacZ_002_cropped,N2C3crim_WCS365neon_halfLacZ,C,3,WCS365-L_neon,MOCK-_neon,col0,0.001,0,2023-08-08,2023-08-10,2023-08-16,2023-08-22,12_12,110,23_23,0.5,0.5,5.8,
2023-08-16_fluor,scan_NcrimWneon_halflacZ_002_cropped,N2C3crim_WCS365neon_halfLacZ,D,3,WCS365-L_neon,MOCK-_neon,col0,0.001,0,2023-08-08,2023-08-10,2023-08-16,2023-08-22,12_12,110,23_23,0.5,0.5,5.8,
2023-08-16_fluor,scan_NcrimWneon_halflacZ_002_cropped,N2C3crim_WCS365neon_halfLacZ,E,3,WCS365-L_neon,N2C3-_crim,col0,0.001,0.001,2023-08-08,2023-08-10,2023-08-16,2023-08-22,12_12,110,23_23,0.5,0.5,5.8,
2023-08-16_fluor,scan_NcrimWneon_halflacZ_002_cropped,N2C3crim_WCS365neon_halfLacZ,F,3,WCS365-L_neon,N2C3-_crim,col0,0.001,0.001,2023-08-08,2023-08-10,2023-08-16,2023-08-22,12_12,110,23_23,0.5,0.5,5.8,
2023-08-16_fluor,scan_NcrimWneon_halflacZ_002_cropped,N2C3crim_WCS365neon_halfLacZ,G,3,WCS365-L_neon,MOCK-_neon,col0,0.001,0,2023-08-08,2023-08-10,2023-08-16,2023-08-22,12_12,110,23_23,0.5,0.5,5.8,
2023-08-16_fluor,scan_NcrimWneon_halflacZ_002_cropped,N2C3crim_WCS365neon_halfLacZ,H,3,WCS365-L_neon,MOCK-_neon,col0,0.001,0,2023-08-08,2023-08-10,2023-08-16,2023-08-22,12_12,110,23_23,0.5,0.5,5.8,
2023-08-16_fluor,scan_NcrimWneon_halflacZ_002_cropped,N2C3crim_WCS365neon_halfLacZ,A,4,MOCK-_neon,N2C3-_crim,col0,0,0.001,2023-08-08,2023-08-10,2023-08-16,2023-08-22,12_12,110,23_23,0.5,0.5,5.8,
2023-08-16_fluor,scan_NcrimWneon_halflacZ_002_cropped,N2C3crim_WCS365neon_halfLacZ,B,4,MOCK-_neon,N2C3-_crim,col0,0,0.001,2023-08-08,2023-08-10,2023-08-16,2023-08-22,12_12,110,23_23,0.5,0.5,5.8,
2023-08-16_fluor,scan_NcrimWneon_halflacZ_002_cropped,N2C3crim_WCS365neon_halfLacZ,C,4,MOCK-_neon,MOCK-_neon,col0,0,0,2023-08-08,2023-08-10,2023-08-16,2023-08-22,12_12,110,23_23,0.5,0.5,5.8,
2023-08-16_fluor,scan_NcrimWneon_halflacZ_002_cropped,N2C3crim_WCS365neon_halfLacZ,D,4,MOCK-_neon,MOCK-_neon,col0,0,0,2023-08-08,2023-08-10,2023-08-16,2023-08-22,12_12,110,23_23,0.5,0.5,5.8,
2023-08-16_fluor,scan_NcrimWneon_halflacZ_002_cropped,N2C3crim_WCS365neon_halfLacZ,E,4,MOCK-_neon,N2C3-_crim,col0,0,0.001,2023-08-08,2023-08-10,2023-08-16,2023-08-22,12_12,110,23_23,0.5,0.5,5.8,
2023-08-16_fluor,scan_NcrimWneon_halflacZ_002_cropped,N2C3crim_WCS365neon_halfLacZ,F,4,MOCK-_neon,N2C3-_crim,col0,0,0.001,2023-08-08,2023-08-10,2023-08-16,2023-08-22,12_12,110,23_23,0.5,0.5,5.8,
2023-08-16_fluor,scan_NcrimWneon_halflacZ_002_cropped,N2C3crim_WCS365neon_halfLacZ,G,4,MOCK-_neon,MOCK-_neon,col0,0,0,2023-08-08,2023-08-10,2023-08-16,2023-08-22,12_12,110,23_23,0.5,0.5,5.8,
2023-08-16_fluor,scan_NcrimWneon_halflacZ_002_cropped,N2C3crim_WCS365neon_halfLacZ,H,4,MOCK-_neon,MOCK-_neon,col0,0,0,2023-08-08,2023-08-10,2023-08-16,2023-08-22,12_12,110,23_23,0.5,0.5,5.8,
2023-08-16_fluor,scan_NcrimWneon_halflacZ_002_cropped,N2C3crim_WCS365neon_halfLacZ,A,5,MOCK-_neon,N2C3-_crim,col0,0,0.001,2023-08-08,2023-08-10,2023-08-16,2023-08-22,12_12,110,23_23,0.5,0.5,5.8,
2023-08-16_fluor,scan_NcrimWneon_halflacZ_002_cropped,N2C3crim_WCS365neon_halfLacZ,B,5,MOCK-_neon,N2C3-_crim,col0,0,0.001,2023-08-08,2023-08-10,2023-08-16,2023-08-22,12_12,110,23_23,0.5,0.5,5.8,
2023-08-16_fluor,scan_NcrimWneon_halflacZ_002_cropped,N2C3crim_WCS365neon_halfLacZ,C,5,MOCK-_neon,MOCK-_neon,col0,0,0,2023-08-08,2023-08-10,2023-08-16,2023-08-22,12_12,110,23_23,0.5,0.5,5.8,
2023-08-16_fluor,scan_NcrimWneon_halflacZ_002_cropped,N2C3crim_WCS365neon_halfLacZ,D,5,MOCK-_neon,MOCK-_neon,col0,0,0,2023-08-08,2023-08-10,2023-08-16,2023-08-22,12_12,110,23_23,0.5,0.5,5.8,
2023-08-16_fluor,scan_NcrimWneon_halflacZ_002_cropped,N2C3crim_WCS365neon_halfLacZ,E,5,MOCK-_neon,N2C3-_crim,col0,0,0.001,2023-08-08,2023-08-10,2023-08-16,2023-08-22,12_12,110,23_23,0.5,0.5,5.8,
2023-08-16_fluor,scan_NcrimWneon_halflacZ_002_cropped,N2C3crim_WCS365neon_halfLacZ,F,5,MOCK-_neon,N2C3-_crim,col0,0,0.001,2023-08-08,2023-08-10,2023-08-16,2023-08-22,12_12,110,23_23,0.5,0.5,5.8,
2023-08-16_fluor,scan_NcrimWneon_halflacZ_002_cropped,N2C3crim_WCS365neon_halfLacZ,G,5,MOCK-_neon,MOCK-_neon,col0,0,0,2023-08-08,2023-08-10,2023-08-16,2023-08-22,12_12,110,23_23,0.5,0.5,5.8,
2023-08-16_fluor,scan_NcrimWneon_halflacZ_002_cropped,N2C3crim_WCS365neon_halfLacZ,H,5,MOCK-_neon,MOCK-_neon,col0,0,0,2023-08-08,2023-08-10,2023-08-16,2023-08-22,12_12,110,23_23,0.5,0.5,5.8,
2023-08-16_fluor,scan_NcrimWneon_halflacZ_002_cropped,N2C3crim_WCS365neon_halfLacZ,A,6,MOCK-_neon,N2C3-_crim,col0,0,0.001,2023-08-08,2023-08-10,2023-08-16,2023-08-22,12_12,110,23_23,0.5,0.5,5.8,
2023-08-16_fluor,scan_NcrimWneon_halflacZ_002_cropped,N2C3crim_WCS365neon_halfLacZ,B,6,MOCK-_neon,N2C3-_crim,col0,0,0.001,2023-08-08,2023-08-10,2023-08-16,2023-08-22,12_12,110,23_23,0.5,0.5,5.8,
2023-08-16_fluor,scan_NcrimWneon_halflacZ_002_cropped,N2C3crim_WCS365neon_halfLacZ,C,6,MOCK-_neon,MOCK-_neon,col0,0,0,2023-08-08,2023-08-10,2023-08-16,2023-08-22,12_12,110,23_23,0.5,0.5,5.8,
2023-08-16_fluor,scan_NcrimWneon_halflacZ_002_cropped,N2C3crim_WCS365neon_halfLacZ,D,6,MOCK-_neon,MOCK-_neon,col0,0,0,2023-08-08,2023-08-10,2023-08-16,2023-08-22,12_12,110,23_23,0.5,0.5,5.8,
2023-08-16_fluor,scan_NcrimWneon_halflacZ_002_cropped,N2C3crim_WCS365neon_halfLacZ,E,6,MOCK-_neon,N2C3-_crim,col0,0,0.001,2023-08-08,2023-08-10,2023-08-16,2023-08-22,12_12,110,23_23,0.5,0.5,5.8,
2023-08-16_fluor,scan_NcrimWneon_halflacZ_002_cropped,N2C3crim_WCS365neon_halfLacZ,F,6,MOCK-_neon,N2C3-_crim,col0,0,0.001,2023-08-08,2023-08-10,2023-08-16,2023-08-22,12_12,110,23_23,0.5,0.5,5.8,
2023-08-16_fluor,scan_NcrimWneon_halflacZ_002_cropped,N2C3crim_WCS365neon_halfLacZ,G,6,MOCK-_neon,MOCK-_neon,col0,0,0,2023-08-08,2023-08-10,2023-08-16,2023-08-22,12_12,110,23_23,0.5,0.5,5.8,
2023-08-16_fluor,scan_NcrimWneon_halflacZ_002_cropped,N2C3crim_WCS365neon_halfLacZ,H,6,MOCK-_neon,MOCK-_neon,col0,0,0,2023-08-08,2023-08-10,2023-08-16,2023-08-22,12_12,110,23_23,0.5,0.5,5.8,
2023-08-16_fluor,scan_NcrimWneon_halflacZ_002_cropped,N2C3crim_WCS365neon_halfLacZ,A,7,WCS365-_neon,N2C3-_crim,col0,0.001,0.001,2023-08-08,2023-08-10,2023-08-16,2023-08-22,12_12,110,23_23,0.5,0.5,5.8,
2023-08-16_fluor,scan_NcrimWneon_halflacZ_002_cropped,N2C3crim_WCS365neon_halfLacZ,B,7,WCS365-_neon,N2C3-_crim,col0,0.001,0.001,2023-08-08,2023-08-10,2023-08-16,2023-08-22,12_12,110,23_23,0.5,0.5,5.8,
2023-08-16_fluor,scan_NcrimWneon_halflacZ_002_cropped,N2C3crim_WCS365neon_halfLacZ,C,7,WCS365-_neon,MOCK-_crim,col0,0.001,0,2023-08-08,2023-08-10,2023-08-16,2023-08-22,12_12,110,23_23,0.5,0.5,5.8,
2023-08-16_fluor,scan_NcrimWneon_halflacZ_002_cropped,N2C3crim_WCS365neon_halfLacZ,D,7,WCS365-_neon,MOCK-_crim,col0,0.001,0,2023-08-08,2023-08-10,2023-08-16,2023-08-22,12_12,110,23_23,0.5,0.5,5.8,
2023-08-16_fluor,scan_NcrimWneon_halflacZ_002_cropped,N2C3crim_WCS365neon_halfLacZ,E,7,WCS365-_neon,N2C3-_crim,col0,0.001,0.001,2023-08-08,2023-08-10,2023-08-16,2023-08-22,12_12,110,23_23,0.5,0.5,5.8,
2023-08-16_fluor,scan_NcrimWneon_halflacZ_002_cropped,N2C3crim_WCS365neon_halfLacZ,F,7,WCS365-_neon,N2C3-_crim,col0,0.001,0.001,2023-08-08,2023-08-10,2023-08-16,2023-08-22,12_12,110,23_23,0.5,0.5,5.8,
2023-08-16_fluor,scan_NcrimWneon_halflacZ_002_cropped,N2C3crim_WCS365neon_halfLacZ,G,7,WCS365-_neon,MOCK-_crim,col0,0.001,0,2023-08-08,2023-08-10,2023-08-16,2023-08-22,12_12,110,23_23,0.5,0.5,5.8,
2023-08-16_fluor,scan_NcrimWneon_halflacZ_002_cropped,N2C3crim_WCS365neon_halfLacZ,H,7,WCS365-_neon,MOCK-_crim,col0,0.001,0,2023-08-08,2023-08-10,2023-08-16,2023-08-22,12_12,110,23_23,0.5,0.5,5.8,
2023-08-16_fluor,scan_NcrimWneon_halflacZ_002_cropped,N2C3crim_WCS365neon_halfLacZ,A,8,WCS365-_neon,N2C3-_crim,col0,0.001,0.001,2023-08-08,2023-08-10,2023-08-16,2023-08-22,12_12,110,23_23,0.5,0.5,5.8,
2023-08-16_fluor,scan_NcrimWneon_halflacZ_002_cropped,N2C3crim_WCS365neon_halfLacZ,B,8,WCS365-_neon,N2C3-_crim,col0,0.001,0.001,2023-08-08,2023-08-10,2023-08-16,2023-08-22,12_12,110,23_23,0.5,0.5,5.8,
2023-08-16_fluor,scan_NcrimWneon_halflacZ_002_cropped,N2C3crim_WCS365neon_halfLacZ,C,8,WCS365-_neon,MOCK-_crim,col0,0.001,0,2023-08-08,2023-08-10,2023-08-16,2023-08-22,12_12,110,23_23,0.5,0.5,5.8,
2023-08-16_fluor,scan_NcrimWneon_halflacZ_002_cropped,N2C3crim_WCS365neon_halfLacZ,D,8,WCS365-_neon,MOCK-_crim,col0,0.001,0,2023-08-08,2023-08-10,2023-08-16,2023-08-22,12_12,110,23_23,0.5,0.5,5.8,
2023-08-16_fluor,scan_NcrimWneon_halflacZ_002_cropped,N2C3crim_WCS365neon_halfLacZ,E,8,WCS365-_neon,N2C3-_crim,col0,0.001,0.001,2023-08-08,2023-08-10,2023-08-16,2023-08-22,12_12,110,23_23,0.5,0.5,5.8,
2023-08-16_fluor,scan_NcrimWneon_halflacZ_002_cropped,N2C3crim_WCS365neon_halfLacZ,F,8,WCS365-_neon,N2C3-_crim,col0,0.001,0.001,2023-08-08,2023-08-10,2023-08-16,2023-08-22,12_12,110,23_23,0.5,0.5,5.8,
2023-08-16_fluor,scan_NcrimWneon_halflacZ_002_cropped,N2C3crim_WCS365neon_halfLacZ,G,8,WCS365-_neon,MOCK-_crim,col0,0.001,0,2023-08-08,2023-08-10,2023-08-16,2023-08-22,12_12,110,23_23,0.5,0.5,5.8,
2023-08-16_fluor,scan_NcrimWneon_halflacZ_002_cropped,N2C3crim_WCS365neon_halfLacZ,H,8,WCS365-_neon,MOCK-_crim,col0,0.001,0,2023-08-08,2023-08-10,2023-08-16,2023-08-22,12_12,110,23_23,0.5,0.5,5.8,
2023-08-16_fluor,scan_NcrimWneon_halflacZ_002_cropped,N2C3crim_WCS365neon_halfLacZ,A,9,WCS365-_neon,N2C3-_crim,col0,0.001,0.001,2023-08-08,2023-08-10,2023-08-16,2023-08-22,12_12,110,23_23,0.5,0.5,5.8,
2023-08-16_fluor,scan_NcrimWneon_halflacZ_002_cropped,N2C3crim_WCS365neon_halfLacZ,B,9,WCS365-_neon,N2C3-_crim,col0,0.001,0.001,2023-08-08,2023-08-10,2023-08-16,2023-08-22,12_12,110,23_23,0.5,0.5,5.8,
2023-08-16_fluor,scan_NcrimWneon_halflacZ_002_cropped,N2C3crim_WCS365neon_halfLacZ,C,9,WCS365-_neon,MOCK-_crim,col0,0.001,0,2023-08-08,2023-08-10,2023-08-16,2023-08-22,12_12,110,23_23,0.5,0.5,5.8,
2023-08-16_fluor,scan_NcrimWneon_halflacZ_002_cropped,N2C3crim_WCS365neon_halfLacZ,D,9,WCS365-_neon,MOCK-_crim,col0,0.001,0,2023-08-08,2023-08-10,2023-08-16,2023-08-22,12_12,110,23_23,0.5,0.5,5.8,
2023-08-16_fluor,scan_NcrimWneon_halflacZ_002_cropped,N2C3crim_WCS365neon_halfLacZ,E,9,WCS365-_neon,N2C3-_crim,col0,0.001,0.001,2023-08-08,2023-08-10,2023-08-16,2023-08-22,12_12,110,23_23,0.5,0.5,5.8,
2023-08-16_fluor,scan_NcrimWneon_halflacZ_002_cropped,N2C3crim_WCS365neon_halfLacZ,F,9,WCS365-_neon,N2C3-_crim,col0,0.001,0.001,2023-08-08,2023-08-10,2023-08-16,2023-08-22,12_12,110,23_23,0.5,0.5,5.8,
2023-08-16_fluor,scan_NcrimWneon_halflacZ_002_cropped,N2C3crim_WCS365neon_halfLacZ,G,9,WCS365-_neon,MOCK-_crim,col0,0.001,0,2023-08-08,2023-08-10,2023-08-16,2023-08-22,12_12,110,23_23,0.5,0.5,5.8,
2023-08-16_fluor,scan_NcrimWneon_halflacZ_002_cropped,N2C3crim_WCS365neon_halfLacZ,H,9,WCS365-_neon,MOCK-_crim,col0,0.001,0,2023-08-08,2023-08-10,2023-08-16,2023-08-22,12_12,110,23_23,0.5,0.5,5.8,
2023-08-16_fluor,scan_NcrimWneon_halflacZ_002_cropped,N2C3crim_WCS365neon_halfLacZ,A,10,MOCK-_neon,N2C3-_crim,col0,0,0.001,2023-08-08,2023-08-10,2023-08-16,2023-08-22,12_12,110,23_23,0.5,0.5,5.8,
2023-08-16_fluor,scan_NcrimWneon_halflacZ_002_cropped,N2C3crim_WCS365neon_halfLacZ,B,10,MOCK-_neon,N2C3-_crim,col0,0,0.001,2023-08-08,2023-08-10,2023-08-16,2023-08-22,12_12,110,23_23,0.5,0.5,5.8,
2023-08-16_fluor,scan_NcrimWneon_halflacZ_002_cropped,N2C3crim_WCS365neon_halfLacZ,C,10,MOCK-_neon,MOCK-_crim,col0,0,0,2023-08-08,2023-08-10,2023-08-16,2023-08-22,12_12,110,23_23,0.5,0.5,5.8,
2023-08-16_fluor,scan_NcrimWneon_halflacZ_002_cropped,N2C3crim_WCS365neon_halfLacZ,D,10,MOCK-_neon,MOCK-_crim,col0,0,0,2023-08-08,2023-08-10,2023-08-16,2023-08-22,12_12,110,23_23,0.5,0.5,5.8,
2023-08-16_fluor,scan_NcrimWneon_halflacZ_002_cropped,N2C3crim_WCS365neon_halfLacZ,E,10,MOCK-_neon,N2C3-_crim,col0,0,0.001,2023-08-08,2023-08-10,2023-08-16,2023-08-22,12_12,110,23_23,0.5,0.5,5.8,
2023-08-16_fluor,scan_NcrimWneon_halflacZ_002_cropped,N2C3crim_WCS365neon_halfLacZ,F,10,MOCK-_neon,N2C3-_crim,col0,0,0.001,2023-08-08,2023-08-10,2023-08-16,2023-08-22,12_12,110,23_23,0.5,0.5,5.8,
2023-08-16_fluor,scan_NcrimWneon_halflacZ_002_cropped,N2C3crim_WCS365neon_halfLacZ,G,10,MOCK-_neon,MOCK-_crim,col0,0,0,2023-08-08,2023-08-10,2023-08-16,2023-08-22,12_12,110,23_23,0.5,0.5,5.8,
2023-08-16_fluor,scan_NcrimWneon_halflacZ_002_cropped,N2C3crim_WCS365neon_halfLacZ,H,10,MOCK-_neon,MOCK-_crim,col0,0,0,2023-08-08,2023-08-10,2023-08-16,2023-08-22,12_12,110,23_23,0.5,0.5,5.8,
2023-08-16_fluor,scan_NcrimWneon_halflacZ_002_cropped,N2C3crim_WCS365neon_halfLacZ,A,11,MOCK-_neon,N2C3-_crim,col0,0,0.001,2023-08-08,2023-08-10,2023-08-16,2023-08-22,12_12,110,23_23,0.5,0.5,5.8,
2023-08-16_fluor,scan_NcrimWneon_halflacZ_002_cropped,N2C3crim_WCS365neon_halfLacZ,B,11,MOCK-_neon,N2C3-_crim,col0,0,0.001,2023-08-08,2023-08-10,2023-08-16,2023-08-22,12_12,110,23_23,0.5,0.5,5.8,
2023-08-16_fluor,scan_NcrimWneon_halflacZ_002_cropped,N2C3crim_WCS365neon_halfLacZ,C,11,MOCK-_neon,MOCK-_crim,col0,0,0,2023-08-08,2023-08-10,2023-08-16,2023-08-22,12_12,110,23_23,0.5,0.5,5.8,
2023-08-16_fluor,scan_NcrimWneon_halflacZ_002_cropped,N2C3crim_WCS365neon_halfLacZ,D,11,MOCK-_neon,MOCK-_crim,col0,0,0,2023-08-08,2023-08-10,2023-08-16,2023-08-22,12_12,110,23_23,0.5,0.5,5.8,
2023-08-16_fluor,scan_NcrimWneon_halflacZ_002_cropped,N2C3crim_WCS365neon_halfLacZ,E,11,MOCK-_neon,N2C3-_crim,col0,0,0.001,2023-08-08,2023-08-10,2023-08-16,2023-08-22,12_12,110,23_23,0.5,0.5,5.8,
2023-08-16_fluor,scan_NcrimWneon_halflacZ_002_cropped,N2C3crim_WCS365neon_halfLacZ,F,11,MOCK-_neon,N2C3-_crim,col0,0,0.001,2023-08-08,2023-08-10,2023-08-16,2023-08-22,12_12,110,23_23,0.5,0.5,5.8,
2023-08-16_fluor,scan_NcrimWneon_halflacZ_002_cropped,N2C3crim_WCS365neon_halfLacZ,G,11,MOCK-_neon,MOCK-_crim,col0,0,0,2023-08-08,2023-08-10,2023-08-16,2023-08-22,12_12,110,23_23,0.5,0.5,5.8,
2023-08-16_fluor,scan_NcrimWneon_halflacZ_002_cropped,N2C3crim_WCS365neon_halfLacZ,H,11,MOCK-_neon,MOCK-_crim,col0,0,0,2023-08-08,2023-08-10,2023-08-16,2023-08-22,12_12,110,23_23,0.5,0.5,5.8,
2023-08-16_fluor,scan_NcrimWneon_halflacZ_002_cropped,N2C3crim_WCS365neon_halfLacZ,A,12,MOCK-_neon,N2C3-_crim,col0,0,0.001,2023-08-08,2023-08-10,2023-08-16,2023-08-22,12_12,110,23_23,0.5,0.5,5.8,
2023-08-16_fluor,scan_NcrimWneon_halflacZ_002_cropped,N2C3crim_WCS365neon_halfLacZ,B,12,MOCK-_neon,N2C3-_crim,col0,0,0.001,2023-08-08,2023-08-10,2023-08-16,2023-08-22,12_12,110,23_23,0.5,0.5,5.8,
2023-08-16_fluor,scan_NcrimWneon_halflacZ_002_cropped,N2C3crim_WCS365neon_halfLacZ,C,12,MOCK-_neon,MOCK-_crim,col0,0,0,2023-08-08,2023-08-10,2023-08-16,2023-08-22,12_12,110,23_23,0.5,0.5,5.8,
2023-08-16_fluor,scan_NcrimWneon_halflacZ_002_cropped,N2C3crim_WCS365neon_halfLacZ,D,12,MOCK-_neon,MOCK-_crim,col0,0,0,2023-08-08,2023-08-10,2023-08-16,2023-08-22,12_12,110,23_23,0.5,0.5,5.8,
2023-08-16_fluor,scan_NcrimWneon_halflacZ_002_cropped,N2C3crim_WCS365neon_halfLacZ,E,12,MOCK-_neon,N2C3-_crim,col0,0,0.001,2023-08-08,2023-08-10,2023-08-16,2023-08-22,12_12,110,23_23,0.5,0.5,5.8,
2023-08-16_fluor,scan_NcrimWneon_halflacZ_002_cropped,N2C3crim_WCS365neon_halfLacZ,F,12,MOCK-_neon,N2C3-_crim,col0,0,0.001,2023-08-08,2023-08-10,2023-08-16,2023-08-22,12_12,110,23_23,0.5,0.5,5.8,
2023-08-16_fluor,scan_NcrimWneon_halflacZ_002_cropped,N2C3crim_WCS365neon_halfLacZ,G,12,MOCK-_neon,MOCK-_crim,col0,0,0,2023-08-08,2023-08-10,2023-08-16,2023-08-22,12_12,110,23_23,0.5,0.5,5.8,
2023-08-16_fluor,scan_NcrimWneon_halflacZ_002_cropped,N2C3crim_WCS365neon_halfLacZ,H,12,MOCK-_neon,MOCK-_crim,col0,0,0,2023-08-08,2023-08-10,2023-08-16,2023-08-22,12_12,110,23_23,0.5,0.5,5.8,
2023-08-16_fluor,scan_NW-bothnoencrim_quads_005_cropped,NW_bothcrimneon_allLacZ,A,1,WCS365-L_crim,N2C3-_neon,col0,0.001,0.001,2023-08-08,2023-08-10,2023-08-16,2023-08-22,12_12,110,23_23,0.5,0.5,5.8,
2023-08-16_fluor,scan_NW-bothnoencrim_quads_005_cropped,NW_bothcrimneon_allLacZ,B,1,WCS365-L_crim,N2C3-_neon,col0,0.001,0.001,2023-08-08,2023-08-10,2023-08-16,2023-08-22,12_12,110,23_23,0.5,0.5,5.8,
2023-08-16_fluor,scan_NW-bothnoencrim_quads_005_cropped,NW_bothcrimneon_allLacZ,C,1,WCS365-L_crim,MOCK-_neon,col0,0.001,0,2023-08-08,2023-08-10,2023-08-16,2023-08-22,12_12,110,23_23,0.5,0.5,5.8,
2023-08-16_fluor,scan_NW-bothnoencrim_quads_005_cropped,NW_bothcrimneon_allLacZ,D,1,WCS365-L_crim,MOCK-_neon,col0,0.001,0,2023-08-08,2023-08-10,2023-08-16,2023-08-22,12_12,110,23_23,0.5,0.5,5.8,
2023-08-16_fluor,scan_NW-bothnoencrim_quads_005_cropped,NW_bothcrimneon_allLacZ,E,1,WCS365-L_crim,N2C3-_crim,NOPLANT,0.001,0.001,2023-08-08,2023-08-10,2023-08-16,2023-08-22,12_12,110,23_23,0.5,0.5,5.8,
2023-08-16_fluor,scan_NW-bothnoencrim_quads_005_cropped,NW_bothcrimneon_allLacZ,F,1,WCS365-L_crim,N2C3-_crim,NOPLANT,0.001,0.001,2023-08-08,2023-08-10,2023-08-16,2023-08-22,12_12,110,23_23,0.5,0.5,5.8,
2023-08-16_fluor,scan_NW-bothnoencrim_quads_005_cropped,NW_bothcrimneon_allLacZ,G,1,WCS365-L_crim,MOCK-_crim,NOPLANT,0.001,0,2023-08-08,2023-08-10,2023-08-16,2023-08-22,12_12,110,23_23,0.5,0.5,5.8,
2023-08-16_fluor,scan_NW-bothnoencrim_quads_005_cropped,NW_bothcrimneon_allLacZ,H,1,WCS365-L_crim,MOCK-_crim,NOPLANT,0.001,0,2023-08-08,2023-08-10,2023-08-16,2023-08-22,12_12,110,23_23,0.5,0.5,5.8,
2023-08-16_fluor,scan_NW-bothnoencrim_quads_005_cropped,NW_bothcrimneon_allLacZ,A,2,WCS365-L_crim,N2C3-_neon,col0,0.001,0.001,2023-08-08,2023-08-10,2023-08-16,2023-08-22,12_12,110,23_23,0.5,0.5,5.8,
2023-08-16_fluor,scan_NW-bothnoencrim_quads_005_cropped,NW_bothcrimneon_allLacZ,B,2,WCS365-L_crim,N2C3-_neon,col0,0.001,0.001,2023-08-08,2023-08-10,2023-08-16,2023-08-22,12_12,110,23_23,0.5,0.5,5.8,
2023-08-16_fluor,scan_NW-bothnoencrim_quads_005_cropped,NW_bothcrimneon_allLacZ,C,2,WCS365-L_crim,MOCK-_neon,col0,0.001,0,2023-08-08,2023-08-10,2023-08-16,2023-08-22,12_12,110,23_23,0.5,0.5,5.8,
2023-08-16_fluor,scan_NW-bothnoencrim_quads_005_cropped,NW_bothcrimneon_allLacZ,D,2,WCS365-L_crim,MOCK-_neon,col0,0.001,0,2023-08-08,2023-08-10,2023-08-16,2023-08-22,12_12,110,23_23,0.5,0.5,5.8,
2023-08-16_fluor,scan_NW-bothnoencrim_quads_005_cropped,NW_bothcrimneon_allLacZ,E,2,WCS365-L_crim,N2C3-_crim,NOPLANT,0.001,0.001,2023-08-08,2023-08-10,2023-08-16,2023-08-22,12_12,110,23_23,0.5,0.5,5.8,
2023-08-16_fluor,scan_NW-bothnoencrim_quads_005_cropped,NW_bothcrimneon_allLacZ,F,2,WCS365-L_crim,N2C3-_crim,NOPLANT,0.001,0.001,2023-08-08,2023-08-10,2023-08-16,2023-08-22,12_12,110,23_23,0.5,0.5,5.8,
2023-08-16_fluor,scan_NW-bothnoencrim_quads_005_cropped,NW_bothcrimneon_allLacZ,G,2,WCS365-L_crim,MOCK-_crim,NOPLANT,0.001,0,2023-08-08,2023-08-10,2023-08-16,2023-08-22,12_12,110,23_23,0.5,0.5,5.8,
2023-08-16_fluor,scan_NW-bothnoencrim_quads_005_cropped,NW_bothcrimneon_allLacZ,H,2,WCS365-L_crim,MOCK-_crim,NOPLANT,0.001,0,2023-08-08,2023-08-10,2023-08-16,2023-08-22,12_12,110,23_23,0.5,0.5,5.8,
2023-08-16_fluor,scan_NW-bothnoencrim_quads_005_cropped,NW_bothcrimneon_allLacZ,A,3,MOCK-_crim,N2C3-_neon,col0,0,0.001,2023-08-08,2023-08-10,2023-08-16,2023-08-22,12_12,110,23_23,0.5,0.5,5.8,
2023-08-16_fluor,scan_NW-bothnoencrim_quads_005_cropped,NW_bothcrimneon_allLacZ,B,3,MOCK-_crim,N2C3-_neon,col0,0,0.001,2023-08-08,2023-08-10,2023-08-16,2023-08-22,12_12,110,23_23,0.5,0.5,5.8,
2023-08-16_fluor,scan_NW-bothnoencrim_quads_005_cropped,NW_bothcrimneon_allLacZ,C,3,MOCK-_crim,MOCK-_neon,col0,0,0,2023-08-08,2023-08-10,2023-08-16,2023-08-22,12_12,110,23_23,0.5,0.5,5.8,
2023-08-16_fluor,scan_NW-bothnoencrim_quads_005_cropped,NW_bothcrimneon_allLacZ,D,3,MOCK-_crim,MOCK-_neon,col0,0,0,2023-08-08,2023-08-10,2023-08-16,2023-08-22,12_12,110,23_23,0.5,0.5,5.8,
2023-08-16_fluor,scan_NW-bothnoencrim_quads_005_cropped,NW_bothcrimneon_allLacZ,E,3,MOCK-_crim,N2C3-_crim,NOPLANT,0,0.001,2023-08-08,2023-08-10,2023-08-16,2023-08-22,12_12,110,23_23,0.5,0.5,5.8,
2023-08-16_fluor,scan_NW-bothnoencrim_quads_005_cropped,NW_bothcrimneon_allLacZ,F,3,MOCK-_crim,N2C3-_crim,NOPLANT,0,0.001,2023-08-08,2023-08-10,2023-08-16,2023-08-22,12_12,110,23_23,0.5,0.5,5.8,
2023-08-16_fluor,scan_NW-bothnoencrim_quads_005_cropped,NW_bothcrimneon_allLacZ,G,3,MOCK-_crim,MOCK-_crim,NOPLANT,0,0,2023-08-08,2023-08-10,2023-08-16,2023-08-22,12_12,110,23_23,0.5,0.5,5.8,
2023-08-16_fluor,scan_NW-bothnoencrim_quads_005_cropped,NW_bothcrimneon_allLacZ,H,3,MOCK-_crim,MOCK-_crim,NOPLANT,0,0,2023-08-08,2023-08-10,2023-08-16,2023-08-22,12_12,110,23_23,0.5,0.5,5.8,
2023-08-16_fluor,scan_NW-bothnoencrim_quads_005_cropped,NW_bothcrimneon_allLacZ,A,4,MOCK-_crim,N2C3-_neon,col0,0,0.001,2023-08-08,2023-08-10,2023-08-16,2023-08-22,12_12,110,23_23,0.5,0.5,5.8,
2023-08-16_fluor,scan_NW-bothnoencrim_quads_005_cropped,NW_bothcrimneon_allLacZ,B,4,MOCK-_crim,N2C3-_neon,col0,0,0.001,2023-08-08,2023-08-10,2023-08-16,2023-08-22,12_12,110,23_23,0.5,0.5,5.8,
2023-08-16_fluor,scan_NW-bothnoencrim_quads_005_cropped,NW_bothcrimneon_allLacZ,C,4,MOCK-_crim,MOCK-_neon,col0,0,0,2023-08-08,2023-08-10,2023-08-16,2023-08-22,12_12,110,23_23,0.5,0.5,5.8,
2023-08-16_fluor,scan_NW-bothnoencrim_quads_005_cropped,NW_bothcrimneon_allLacZ,D,4,MOCK-_crim,MOCK-_neon,col0,0,0,2023-08-08,2023-08-10,2023-08-16,2023-08-22,12_12,110,23_23,0.5,0.5,5.8,
2023-08-16_fluor,scan_NW-bothnoencrim_quads_005_cropped,NW_bothcrimneon_allLacZ,E,4,MOCK-_crim,N2C3-_crim,NOPLANT,0,0.001,2023-08-08,2023-08-10,2023-08-16,2023-08-22,12_12,110,23_23,0.5,0.5,5.8,
2023-08-16_fluor,scan_NW-bothnoencrim_quads_005_cropped,NW_bothcrimneon_allLacZ,F,4,MOCK-_crim,N2C3-_crim,NOPLANT,0,0.001,2023-08-08,2023-08-10,2023-08-16,2023-08-22,12_12,110,23_23,0.5,0.5,5.8,
2023-08-16_fluor,scan_NW-bothnoencrim_quads_005_cropped,NW_bothcrimneon_allLacZ,G,4,MOCK-_crim,MOCK-_crim,NOPLANT,0,0,2023-08-08,2023-08-10,2023-08-16,2023-08-22,12_12,110,23_23,0.5,0.5,5.8,
2023-08-16_fluor,scan_NW-bothnoencrim_quads_005_cropped,NW_bothcrimneon_allLacZ,H,4,MOCK-_crim,MOCK-_crim,NOPLANT,0,0,2023-08-08,2023-08-10,2023-08-16,2023-08-22,12_12,110,23_23,0.5,0.5,5.8,
2023-08-16_fluor,scan_NW-bothnoencrim_quads_005_cropped,NW_bothcrimneon_allLacZ,A,5,WCS365-L_crim,N2C3-_neon,col0,0.001,0.001,2023-08-08,2023-08-10,2023-08-16,2023-08-22,12_12,110,23_23,0.5,0.5,5.8,
2023-08-16_fluor,scan_NW-bothnoencrim_quads_005_cropped,NW_bothcrimneon_allLacZ,B,5,WCS365-L_crim,N2C3-_neon,col0,0.001,0.001,2023-08-08,2023-08-10,2023-08-16,2023-08-22,12_12,110,23_23,0.5,0.5,5.8,
2023-08-16_fluor,scan_NW-bothnoencrim_quads_005_cropped,NW_bothcrimneon_allLacZ,C,5,WCS365-L_crim,MOCK-_neon,col0,0.001,0,2023-08-08,2023-08-10,2023-08-16,2023-08-22,12_12,110,23_23,0.5,0.5,5.8,
2023-08-16_fluor,scan_NW-bothnoencrim_quads_005_cropped,NW_bothcrimneon_allLacZ,D,5,WCS365-L_crim,MOCK-_neon,col0,0.001,0,2023-08-08,2023-08-10,2023-08-16,2023-08-22,12_12,110,23_23,0.5,0.5,5.8,
2023-08-16_fluor,scan_NW-bothnoencrim_quads_005_cropped,NW_bothcrimneon_allLacZ,E,5,WCS365-L_crim,N2C3-_crim,NOPLANT,0.001,0.001,2023-08-08,2023-08-10,2023-08-16,2023-08-22,12_12,110,23_23,0.5,0.5,5.8,
2023-08-16_fluor,scan_NW-bothnoencrim_quads_005_cropped,NW_bothcrimneon_allLacZ,F,5,WCS365-L_crim,N2C3-_crim,NOPLANT,0.001,0.001,2023-08-08,2023-08-10,2023-08-16,2023-08-22,12_12,110,23_23,0.5,0.5,5.8,
2023-08-16_fluor,scan_NW-bothnoencrim_quads_005_cropped,NW_bothcrimneon_allLacZ,G,5,WCS365-L_crim,MOCK-_crim,NOPLANT,0.001,0,2023-08-08,2023-08-10,2023-08-16,2023-08-22,12_12,110,23_23,0.5,0.5,5.8,
2023-08-16_fluor,scan_NW-bothnoencrim_quads_005_cropped,NW_bothcrimneon_allLacZ,H,5,WCS365-L_crim,MOCK-_crim,NOPLANT,0.001,0,2023-08-08,2023-08-10,2023-08-16,2023-08-22,12_12,110,23_23,0.5,0.5,5.8,
2023-08-16_fluor,scan_NW-bothnoencrim_quads_005_cropped,NW_bothcrimneon_allLacZ,A,6,WCS365-L_crim,N2C3-_neon,col0,0.001,0.001,2023-08-08,2023-08-10,2023-08-16,2023-08-22,12_12,110,23_23,0.5,0.5,5.8,
2023-08-16_fluor,scan_NW-bothnoencrim_quads_005_cropped,NW_bothcrimneon_allLacZ,B,6,WCS365-L_crim,N2C3-_neon,col0,0.001,0.001,2023-08-08,2023-08-10,2023-08-16,2023-08-22,12_12,110,23_23,0.5,0.5,5.8,
2023-08-16_fluor,scan_NW-bothnoencrim_quads_005_cropped,NW_bothcrimneon_allLacZ,C,6,WCS365-L_crim,MOCK-_neon,col0,0.001,0,2023-08-08,2023-08-10,2023-08-16,2023-08-22,12_12,110,23_23,0.5,0.5,5.8,
2023-08-16_fluor,scan_NW-bothnoencrim_quads_005_cropped,NW_bothcrimneon_allLacZ,D,6,WCS365-L_crim,MOCK-_neon,col0,0.001,0,2023-08-08,2023-08-10,2023-08-16,2023-08-22,12_12,110,23_23,0.5,0.5,5.8,
2023-08-16_fluor,scan_NW-bothnoencrim_quads_005_cropped,NW_bothcrimneon_allLacZ,E,6,WCS365-L_crim,N2C3-_crim,NOPLANT,0.001,0.001,2023-08-08,2023-08-10,2023-08-16,2023-08-22,12_12,110,23_23,0.5,0.5,5.8,
2023-08-16_fluor,scan_NW-bothnoencrim_quads_005_cropped,NW_bothcrimneon_allLacZ,F,6,WCS365-L_crim,N2C3-_crim,NOPLANT,0.001,0.001,2023-08-08,2023-08-10,2023-08-16,2023-08-22,12_12,110,23_23,0.5,0.5,5.8,
2023-08-16_fluor,scan_NW-bothnoencrim_quads_005_cropped,NW_bothcrimneon_allLacZ,G,6,WCS365-L_crim,MOCK-_crim,NOPLANT,0.001,0,2023-08-08,2023-08-10,2023-08-16,2023-08-22,12_12,110,23_23,0.5,0.5,5.8,
2023-08-16_fluor,scan_NW-bothnoencrim_quads_005_cropped,NW_bothcrimneon_allLacZ,H,6,WCS365-L_crim,MOCK-_crim,NOPLANT,0.001,0,2023-08-08,2023-08-10,2023-08-16,2023-08-22,12_12,110,23_23,0.5,0.5,5.8,
2023-08-16_fluor,scan_NW-bothnoencrim_quads_005_cropped,NW_bothcrimneon_allLacZ,A,7,MOCK-_crim,N2C3-_neon,NOPLANT,0,0.001,2023-08-08,2023-08-10,2023-08-16,2023-08-22,12_12,110,23_23,0.5,0.5,5.8,
2023-08-16_fluor,scan_NW-bothnoencrim_quads_005_cropped,NW_bothcrimneon_allLacZ,B,7,MOCK-_crim,N2C3-_neon,NOPLANT,0,0.001,2023-08-08,2023-08-10,2023-08-16,2023-08-22,12_12,110,23_23,0.5,0.5,5.8,
2023-08-16_fluor,scan_NW-bothnoencrim_quads_005_cropped,NW_bothcrimneon_allLacZ,C,7,MOCK-_crim,MOCK-_neon,NOPLANT,0,0,2023-08-08,2023-08-10,2023-08-16,2023-08-22,12_12,110,23_23,0.5,0.5,5.8,
2023-08-16_fluor,scan_NW-bothnoencrim_quads_005_cropped,NW_bothcrimneon_allLacZ,D,7,MOCK-_crim,MOCK-_neon,NOPLANT,0,0,2023-08-08,2023-08-10,2023-08-16,2023-08-22,12_12,110,23_23,0.5,0.5,5.8,
2023-08-16_fluor,scan_NW-bothnoencrim_quads_005_cropped,NW_bothcrimneon_allLacZ,E,7,MOCK-_crim,N2C3-_crim,col0,0,0.001,2023-08-08,2023-08-10,2023-08-16,2023-08-22,12_12,110,23_23,0.5,0.5,5.8,
2023-08-16_fluor,scan_NW-bothnoencrim_quads_005_cropped,NW_bothcrimneon_allLacZ,F,7,MOCK-_crim,N2C3-_crim,col0,0,0.001,2023-08-08,2023-08-10,2023-08-16,2023-08-22,12_12,110,23_23,0.5,0.5,5.8,
2023-08-16_fluor,scan_NW-bothnoencrim_quads_005_cropped,NW_bothcrimneon_allLacZ,G,7,MOCK-_crim,MOCK-_crim,col0,0,0,2023-08-08,2023-08-10,2023-08-16,2023-08-22,12_12,110,23_23,0.5,0.5,5.8,
2023-08-16_fluor,scan_NW-bothnoencrim_quads_005_cropped,NW_bothcrimneon_allLacZ,H,7,MOCK-_crim,MOCK-_crim,col0,0,0,2023-08-08,2023-08-10,2023-08-16,2023-08-22,12_12,110,23_23,0.5,0.5,5.8,
2023-08-16_fluor,scan_NW-bothnoencrim_quads_005_cropped,NW_bothcrimneon_allLacZ,A,8,MOCK-_crim,N2C3-_neon,NOPLANT,0,0.001,2023-08-08,2023-08-10,2023-08-16,2023-08-22,12_12,110,23_23,0.5,0.5,5.8,
2023-08-16_fluor,scan_NW-bothnoencrim_quads_005_cropped,NW_bothcrimneon_allLacZ,B,8,MOCK-_crim,N2C3-_neon,NOPLANT,0,0.001,2023-08-08,2023-08-10,2023-08-16,2023-08-22,12_12,110,23_23,0.5,0.5,5.8,
2023-08-16_fluor,scan_NW-bothnoencrim_quads_005_cropped,NW_bothcrimneon_allLacZ,C,8,MOCK-_crim,MOCK-_neon,NOPLANT,0,0,2023-08-08,2023-08-10,2023-08-16,2023-08-22,12_12,110,23_23,0.5,0.5,5.8,
2023-08-16_fluor,scan_NW-bothnoencrim_quads_005_cropped,NW_bothcrimneon_allLacZ,D,8,MOCK-_crim,MOCK-_neon,NOPLANT,0,0,2023-08-08,2023-08-10,2023-08-16,2023-08-22,12_12,110,23_23,0.5,0.5,5.8,
2023-08-16_fluor,scan_NW-bothnoencrim_quads_005_cropped,NW_bothcrimneon_allLacZ,E,8,MOCK-_crim,N2C3-_crim,col0,0,0.001,2023-08-08,2023-08-10,2023-08-16,2023-08-22,12_12,110,23_23,0.5,0.5,5.8,
2023-08-16_fluor,scan_NW-bothnoencrim_quads_005_cropped,NW_bothcrimneon_allLacZ,F,8,MOCK-_crim,N2C3-_crim,col0,0,0.001,2023-08-08,2023-08-10,2023-08-16,2023-08-22,12_12,110,23_23,0.5,0.5,5.8,
2023-08-16_fluor,scan_NW-bothnoencrim_quads_005_cropped,NW_bothcrimneon_allLacZ,G,8,MOCK-_crim,MOCK-_crim,col0,0,0,2023-08-08,2023-08-10,2023-08-16,2023-08-22,12_12,110,23_23,0.5,0.5,5.8,
2023-08-16_fluor,scan_NW-bothnoencrim_quads_005_cropped,NW_bothcrimneon_allLacZ,H,8,MOCK-_crim,MOCK-_crim,col0,0,0,2023-08-08,2023-08-10,2023-08-16,2023-08-22,12_12,110,23_23,0.5,0.5,5.8,
2023-08-16_fluor,scan_NW-bothnoencrim_quads_005_cropped,NW_bothcrimneon_allLacZ,A,9,WCS365-L_neon,N2C3-_neon,NOPLANT,0.001,0.001,2023-08-08,2023-08-10,2023-08-16,2023-08-22,12_12,110,23_23,0.5,0.5,5.8,
2023-08-16_fluor,scan_NW-bothnoencrim_quads_005_cropped,NW_bothcrimneon_allLacZ,B,9,WCS365-L_neon,N2C3-_neon,NOPLANT,0.001,0.001,2023-08-08,2023-08-10,2023-08-16,2023-08-22,12_12,110,23_23,0.5,0.5,5.8,
2023-08-16_fluor,scan_NW-bothnoencrim_quads_005_cropped,NW_bothcrimneon_allLacZ,C,9,WCS365-L_neon,MOCK-_neon,NOPLANT,0.001,0,2023-08-08,2023-08-10,2023-08-16,2023-08-22,12_12,110,23_23,0.5,0.5,5.8,
2023-08-16_fluor,scan_NW-bothnoencrim_quads_005_cropped,NW_bothcrimneon_allLacZ,D,9,WCS365-L_neon,MOCK-_neon,NOPLANT,0.001,0,2023-08-08,2023-08-10,2023-08-16,2023-08-22,12_12,110,23_23,0.5,0.5,5.8,
2023-08-16_fluor,scan_NW-bothnoencrim_quads_005_cropped,NW_bothcrimneon_allLacZ,E,9,WCS365-L_neon,N2C3-_crim,col0,0.001,0.001,2023-08-08,2023-08-10,2023-08-16,2023-08-22,12_12,110,23_23,0.5,0.5,5.8,
2023-08-16_fluor,scan_NW-bothnoencrim_quads_005_cropped,NW_bothcrimneon_allLacZ,F,9,WCS365-L_neon,N2C3-_crim,col0,0.001,0.001,2023-08-08,2023-08-10,2023-08-16,2023-08-22,12_12,110,23_23,0.5,0.5,5.8,
2023-08-16_fluor,scan_NW-bothnoencrim_quads_005_cropped,NW_bothcrimneon_allLacZ,G,9,WCS365-L_neon,MOCK-_crim,col0,0.001,0,2023-08-08,2023-08-10,2023-08-16,2023-08-22,12_12,110,23_23,0.5,0.5,5.8,
2023-08-16_fluor,scan_NW-bothnoencrim_quads_005_cropped,NW_bothcrimneon_allLacZ,H,9,WCS365-L_neon,MOCK-_crim,col0,0.001,0,2023-08-08,2023-08-10,2023-08-16,2023-08-22,12_12,110,23_23,0.5,0.5,5.8,
2023-08-16_fluor,scan_NW-bothnoencrim_quads_005_cropped,NW_bothcrimneon_allLacZ,A,10,WCS365-L_neon,N2C3-_neon,NOPLANT,0.001,0.001,2023-08-08,2023-08-10,2023-08-16,2023-08-22,12_12,110,23_23,0.5,0.5,5.8,
2023-08-16_fluor,scan_NW-bothnoencrim_quads_005_cropped,NW_bothcrimneon_allLacZ,B,10,WCS365-L_neon,N2C3-_neon,NOPLANT,0.001,0.001,2023-08-08,2023-08-10,2023-08-16,2023-08-22,12_12,110,23_23,0.5,0.5,5.8,
2023-08-16_fluor,scan_NW-bothnoencrim_quads_005_cropped,NW_bothcrimneon_allLacZ,C,10,WCS365-L_neon,MOCK-_neon,NOPLANT,0.001,0,2023-08-08,2023-08-10,2023-08-16,2023-08-22,12_12,110,23_23,0.5,0.5,5.8,
2023-08-16_fluor,scan_NW-bothnoencrim_quads_005_cropped,NW_bothcrimneon_allLacZ,D,10,WCS365-L_neon,MOCK-_neon,NOPLANT,0.001,0,2023-08-08,2023-08-10,2023-08-16,2023-08-22,12_12,110,23_23,0.5,0.5,5.8,
2023-08-16_fluor,scan_NW-bothnoencrim_quads_005_cropped,NW_bothcrimneon_allLacZ,E,10,WCS365-L_neon,N2C3-_crim,col0,0.001,0.001,2023-08-08,2023-08-10,2023-08-16,2023-08-22,12_12,110,23_23,0.5,0.5,5.8,
2023-08-16_fluor,scan_NW-bothnoencrim_quads_005_cropped,NW_bothcrimneon_allLacZ,F,10,WCS365-L_neon,N2C3-_crim,col0,0.001,0.001,2023-08-08,2023-08-10,2023-08-16,2023-08-22,12_12,110,23_23,0.5,0.5,5.8,
2023-08-16_fluor,scan_NW-bothnoencrim_quads_005_cropped,NW_bothcrimneon_allLacZ,G,10,WCS365-L_neon,MOCK-_crim,col0,0.001,0,2023-08-08,2023-08-10,2023-08-16,2023-08-22,12_12,110,23_23,0.5,0.5,5.8,
2023-08-16_fluor,scan_NW-bothnoencrim_quads_005_cropped,NW_bothcrimneon_allLacZ,H,10,WCS365-L_neon,MOCK-_crim,col0,0.001,0,2023-08-08,2023-08-10,2023-08-16,2023-08-22,12_12,110,23_23,0.5,0.5,5.8,
2023-08-16_fluor,scan_NW-bothnoencrim_quads_005_cropped,NW_bothcrimneon_allLacZ,A,11,MOCK-_crim,N2C3-_neon,NOPLANT,0,0.001,2023-08-08,2023-08-10,2023-08-16,2023-08-22,12_12,110,23_23,0.5,0.5,5.8,
2023-08-16_fluor,scan_NW-bothnoencrim_quads_005_cropped,NW_bothcrimneon_allLacZ,B,11,MOCK-_crim,N2C3-_neon,NOPLANT,0,0.001,2023-08-08,2023-08-10,2023-08-16,2023-08-22,12_12,110,23_23,0.5,0.5,5.8,
2023-08-16_fluor,scan_NW-bothnoencrim_quads_005_cropped,NW_bothcrimneon_allLacZ,C,11,MOCK-_crim,MOCK-_neon,NOPLANT,0,0,2023-08-08,2023-08-10,2023-08-16,2023-08-22,12_12,110,23_23,0.5,0.5,5.8,
2023-08-16_fluor,scan_NW-bothnoencrim_quads_005_cropped,NW_bothcrimneon_allLacZ,D,11,MOCK-_crim,MOCK-_neon,NOPLANT,0,0,2023-08-08,2023-08-10,2023-08-16,2023-08-22,12_12,110,23_23,0.5,0.5,5.8,
2023-08-16_fluor,scan_NW-bothnoencrim_quads_005_cropped,NW_bothcrimneon_allLacZ,E,11,MOCK-_crim,N2C3-_crim,col0,0,0.001,2023-08-08,2023-08-10,2023-08-16,2023-08-22,12_12,110,23_23,0.5,0.5,5.8,
2023-08-16_fluor,scan_NW-bothnoencrim_quads_005_cropped,NW_bothcrimneon_allLacZ,F,11,MOCK-_crim,N2C3-_crim,col0,0,0.001,2023-08-08,2023-08-10,2023-08-16,2023-08-22,12_12,110,23_23,0.5,0.5,5.8,
2023-08-16_fluor,scan_NW-bothnoencrim_quads_005_cropped,NW_bothcrimneon_allLacZ,G,11,MOCK-_crim,MOCK-_crim,col0,0,0,2023-08-08,2023-08-10,2023-08-16,2023-08-22,12_12,110,23_23,0.5,0.5,5.8,
2023-08-16_fluor,scan_NW-bothnoencrim_quads_005_cropped,NW_bothcrimneon_allLacZ,H,11,MOCK-_crim,MOCK-_crim,col0,0,0,2023-08-08,2023-08-10,2023-08-16,2023-08-22,12_12,110,23_23,0.5,0.5,5.8,
2023-08-16_fluor,scan_NW-bothnoencrim_quads_005_cropped,NW_bothcrimneon_allLacZ,A,12,MOCK-_crim,N2C3-_neon,NOPLANT,0,0.001,2023-08-08,2023-08-10,2023-08-16,2023-08-22,12_12,110,23_23,0.5,0.5,5.8,
2023-08-16_fluor,scan_NW-bothnoencrim_quads_005_cropped,NW_bothcrimneon_allLacZ,B,12,MOCK-_crim,N2C3-_neon,NOPLANT,0,0.001,2023-08-08,2023-08-10,2023-08-16,2023-08-22,12_12,110,23_23,0.5,0.5,5.8,
2023-08-16_fluor,scan_NW-bothnoencrim_quads_005_cropped,NW_bothcrimneon_allLacZ,C,12,MOCK-_crim,MOCK-_neon,NOPLANT,0,0,2023-08-08,2023-08-10,2023-08-16,2023-08-22,12_12,110,23_23,0.5,0.5,5.8,
2023-08-16_fluor,scan_NW-bothnoencrim_quads_005_cropped,NW_bothcrimneon_allLacZ,D,12,MOCK-_crim,MOCK-_neon,NOPLANT,0,0,2023-08-08,2023-08-10,2023-08-16,2023-08-22,12_12,110,23_23,0.5,0.5,5.8,
2023-08-16_fluor,scan_NW-bothnoencrim_quads_005_cropped,NW_bothcrimneon_allLacZ,E,12,MOCK-_crim,N2C3-_crim,col0,0,0.001,2023-08-08,2023-08-10,2023-08-16,2023-08-22,12_12,110,23_23,0.5,0.5,5.8,
2023-08-16_fluor,scan_NW-bothnoencrim_quads_005_cropped,NW_bothcrimneon_allLacZ,F,12,MOCK-_crim,N2C3-_crim,col0,0,0.001,2023-08-08,2023-08-10,2023-08-16,2023-08-22,12_12,110,23_23,0.5,0.5,5.8,
2023-08-16_fluor,scan_NW-bothnoencrim_quads_005_cropped,NW_bothcrimneon_allLacZ,G,12,MOCK-_crim,MOCK-_crim,col0,0,0,2023-08-08,2023-08-10,2023-08-16,2023-08-22,12_12,110,23_23,0.5,0.5,5.8,
2023-08-16_fluor,scan_NW-bothnoencrim_quads_005_cropped,NW_bothcrimneon_allLacZ,H,12,MOCK-_crim,MOCK-_crim,col0,0,0,2023-08-08,2023-08-10,2023-08-16,2023-08-22,12_12,110,23_23,0.5,0.5,5.8,
