plate,experiment,well,row,col,readtime,abs600,neon_top,crim_top
PlateA_T0_Dip_Trial3,2024-02_Peffect_Trial3,A1,A,1,7,0.1055,25644,278360
PlateA_T0_Dip_Trial3,2024-02_Peffect_Trial3,A2,A,2,7,0.1254,274679,102888
PlateA_T0_Dip_Trial3,2024-02_Peffect_Trial3,A3,A,3,7,0.1487,21184,238149
PlateA_T0_Dip_Trial3,2024-02_Peffect_Trial3,A4,A,4,7,0.1048,30153,205559
PlateA_T0_Dip_Trial3,2024-02_Peffect_Trial3,A5,A,5,7,0.1087,162129,64811
PlateA_T0_Dip_Trial3,2024-02_Peffect_Trial3,A6,A,6,7,0.1047,19393,118703
PlateA_T0_Dip_Trial3,2024-02_Peffect_Trial3,A7,A,7,7,0.089,14117,41457
PlateA_T0_Dip_Trial3,2024-02_Peffect_Trial3,A8,A,8,7,0.1238,27542,120740
PlateA_T0_Dip_Trial3,2024-02_Peffect_Trial3,A9,A,9,7,0.1048,16377,62644
PlateA_T0_Dip_Trial3,2024-02_Peffect_Trial3,A10,A,10,7,0.2246,20555,197274
PlateA_T0_Dip_Trial3,2024-02_Peffect_Trial3,A11,A,11,7,0.1142,18978,74514
PlateA_T0_Dip_Trial3,2024-02_Peffect_Trial3,A12,A,12,7,0.1181,16244,87796
PlateA_T0_Dip_Trial3,2024-02_Peffect_Trial3,B1,B,1,7,0.1073,35447,323612
PlateA_T0_Dip_Trial3,2024-02_Peffect_Trial3,B2,B,2,7,0.1016,46465,235782
PlateA_T0_Dip_Trial3,2024-02_Peffect_Trial3,B3,B,3,7,0.1119,61598,315720
PlateA_T0_Dip_Trial3,2024-02_Peffect_Trial3,B4,B,4,7,0.1266,31400,273302
PlateA_T0_Dip_Trial3,2024-02_Peffect_Trial3,B5,B,5,7,0.0933,31255,250474
PlateA_T0_Dip_Trial3,2024-02_Peffect_Trial3,B6,B,6,7,0.1268,38305,299874
PlateA_T0_Dip_Trial3,2024-02_Peffect_Trial3,B7,B,7,7,0.2108,42279,267621
PlateA_T0_Dip_Trial3,2024-02_Peffect_Trial3,B8,B,8,7,0.1305,29602,133265
PlateA_T0_Dip_Trial3,2024-02_Peffect_Trial3,B9,B,9,7,0.1546,25775,133528
PlateA_T0_Dip_Trial3,2024-02_Peffect_Trial3,B10,B,10,7,0.1274,24533,173039
PlateA_T0_Dip_Trial3,2024-02_Peffect_Trial3,B11,B,11,7,0.171,30024,172411
PlateA_T0_Dip_Trial3,2024-02_Peffect_Trial3,B12,B,12,7,0.1342,19738,113647
PlateA_T0_Dip_Trial3,2024-02_Peffect_Trial3,C1,C,1,7,0.099,44922,293920
PlateA_T0_Dip_Trial3,2024-02_Peffect_Trial3,C2,C,2,7,0.0942,32703,226074
PlateA_T0_Dip_Trial3,2024-02_Peffect_Trial3,C3,C,3,7,0.1908,41818,397842
PlateA_T0_Dip_Trial3,2024-02_Peffect_Trial3,C4,C,4,7,0.1897,41332,504570
PlateA_T0_Dip_Trial3,2024-02_Peffect_Trial3,C5,C,5,7,0.1454,34003,315673
PlateA_T0_Dip_Trial3,2024-02_Peffect_Trial3,C6,C,6,7,0.1346,39833,317375
PlateA_T0_Dip_Trial3,2024-02_Peffect_Trial3,C7,C,7,7,0.143,23859,186669
PlateA_T0_Dip_Trial3,2024-02_Peffect_Trial3,C8,C,8,7,0.1512,22962,131857
PlateA_T0_Dip_Trial3,2024-02_Peffect_Trial3,C9,C,9,7,0.1563,21596,121412
PlateA_T0_Dip_Trial3,2024-02_Peffect_Trial3,C10,C,10,7,0.1277,22967,151611
PlateA_T0_Dip_Trial3,2024-02_Peffect_Trial3,C11,C,11,7,0.0917,20497,129338
PlateA_T0_Dip_Trial3,2024-02_Peffect_Trial3,C12,C,12,7,0.1354,18443,146554
PlateA_T0_Dip_Trial3,2024-02_Peffect_Trial3,D1,D,1,7,0.1776,37104,373648
PlateA_T0_Dip_Trial3,2024-02_Peffect_Trial3,D2,D,2,7,0.1701,50882,411993
PlateA_T0_Dip_Trial3,2024-02_Peffect_Trial3,D3,D,3,7,0.2074,65277,663559
PlateA_T0_Dip_Trial3,2024-02_Peffect_Trial3,D4,D,4,7,0.2061,35397,369138
PlateA_T0_Dip_Trial3,2024-02_Peffect_Trial3,D5,D,5,7,0.1334,41017,306125
PlateA_T0_Dip_Trial3,2024-02_Peffect_Trial3,D6,D,6,7,0.159,54309,366040
PlateA_T0_Dip_Trial3,2024-02_Peffect_Trial3,D7,D,7,7,0.1456,27845,219696
PlateA_T0_Dip_Trial3,2024-02_Peffect_Trial3,D8,D,8,7,0.1657,22767,213771
PlateA_T0_Dip_Trial3,2024-02_Peffect_Trial3,D9,D,9,7,0.1306,18860,99120
PlateA_T0_Dip_Trial3,2024-02_Peffect_Trial3,D10,D,10,7,0.1115,20643,110137
PlateA_T0_Dip_Trial3,2024-02_Peffect_Trial3,D11,D,11,7,0.1442,24140,174438
PlateA_T0_Dip_Trial3,2024-02_Peffect_Trial3,D12,D,12,7,0.1072,22630,114274
PlateA_T0_Dip_Trial3,2024-02_Peffect_Trial3,E1,E,1,7,0.2812,1442354,3667
PlateA_T0_Dip_Trial3,2024-02_Peffect_Trial3,E2,E,2,7,0.0887,334876,1975
PlateA_T0_Dip_Trial3,2024-02_Peffect_Trial3,E3,E,3,7,0.1064,744983,2258
PlateA_T0_Dip_Trial3,2024-02_Peffect_Trial3,E4,E,4,7,0.1518,654566,2824
PlateA_T0_Dip_Trial3,2024-02_Peffect_Trial3,E5,E,5,7,0.1359,578766,2541
PlateA_T0_Dip_Trial3,2024-02_Peffect_Trial3,E6,E,6,7,0.1391,494923,2823
PlateA_T0_Dip_Trial3,2024-02_Peffect_Trial3,E7,E,7,7,0.1066,340437,2824
PlateA_T0_Dip_Trial3,2024-02_Peffect_Trial3,E8,E,8,7,0.1363,377487,3953
PlateA_T0_Dip_Trial3,2024-02_Peffect_Trial3,E9,E,9,7,0.1028,394033,5648
PlateA_T0_Dip_Trial3,2024-02_Peffect_Trial3,E10,E,10,7,0.0947,202139,6211
PlateA_T0_Dip_Trial3,2024-02_Peffect_Trial3,E11,E,11,7,0.1079,622440,4235
PlateA_T0_Dip_Trial3,2024-02_Peffect_Trial3,E12,E,12,7,0.1072,236549,1977
PlateA_T0_Dip_Trial3,2024-02_Peffect_Trial3,F1,F,1,7,0.1494,977316,5365
PlateA_T0_Dip_Trial3,2024-02_Peffect_Trial3,F2,F,2,7,0.1549,901496,2541
PlateA_T0_Dip_Trial3,2024-02_Peffect_Trial3,F3,F,3,7,0.1482,981948,3671
PlateA_T0_Dip_Trial3,2024-02_Peffect_Trial3,F4,F,4,7,0.1612,1076398,3106
PlateA_T0_Dip_Trial3,2024-02_Peffect_Trial3,F5,F,5,7,0.1431,440662,4235
PlateA_T0_Dip_Trial3,2024-02_Peffect_Trial3,F6,F,6,7,0.1515,904471,2541
PlateA_T0_Dip_Trial3,2024-02_Peffect_Trial3,F7,F,7,7,0.1166,773383,3671
PlateA_T0_Dip_Trial3,2024-02_Peffect_Trial3,F8,F,8,7,0.2098,432284,6777
PlateA_T0_Dip_Trial3,2024-02_Peffect_Trial3,F9,F,9,7,0.1345,422252,1130
PlateA_T0_Dip_Trial3,2024-02_Peffect_Trial3,F10,F,10,7,0.1066,955090,4234
PlateA_T0_Dip_Trial3,2024-02_Peffect_Trial3,F11,F,11,7,0.1432,675555,3670
PlateA_T0_Dip_Trial3,2024-02_Peffect_Trial3,F12,F,12,7,0.1383,792549,2257
PlateA_T0_Dip_Trial3,2024-02_Peffect_Trial3,G1,G,1,7,0.0782,13102,1410
PlateA_T0_Dip_Trial3,2024-02_Peffect_Trial3,G2,G,2,7,0.0749,13789,2258
PlateA_T0_Dip_Trial3,2024-02_Peffect_Trial3,G3,G,3,7,0.0792,17215,2258
PlateA_T0_Dip_Trial3,2024-02_Peffect_Trial3,G4,G,4,7,0.0792,15159,1976
PlateA_T0_Dip_Trial3,2024-02_Peffect_Trial3,G5,G,5,7,0.0803,15775,2824
PlateA_T0_Dip_Trial3,2024-02_Peffect_Trial3,G6,G,6,7,0.0787,15983,3670
PlateA_T0_Dip_Trial3,2024-02_Peffect_Trial3,G7,G,7,7,0.1158,902871,68048
PlateA_T0_Dip_Trial3,2024-02_Peffect_Trial3,G8,G,8,7,0.1005,450385,78772
PlateA_T0_Dip_Trial3,2024-02_Peffect_Trial3,G9,G,9,7,0.0986,382299,84157
PlateA_T0_Dip_Trial3,2024-02_Peffect_Trial3,G10,G,10,7,0.0982,302135,82164
PlateA_T0_Dip_Trial3,2024-02_Peffect_Trial3,G11,G,11,7,0.1037,460495,81321
PlateA_T0_Dip_Trial3,2024-02_Peffect_Trial3,G12,G,12,7,0.0988,232953,57323
PlateA_T0_Dip_Trial3,2024-02_Peffect_Trial3,H1,H,1,7,0.0854,11593,2542
PlateA_T0_Dip_Trial3,2024-02_Peffect_Trial3,H2,H,2,7,0.0871,13785,3389
PlateA_T0_Dip_Trial3,2024-02_Peffect_Trial3,H3,H,3,7,0.0807,13716,1977
PlateA_T0_Dip_Trial3,2024-02_Peffect_Trial3,H4,H,4,7,0.0838,13378,1130
PlateA_T0_Dip_Trial3,2024-02_Peffect_Trial3,H5,H,5,7,0.0789,15707,3671
PlateA_T0_Dip_Trial3,2024-02_Peffect_Trial3,H6,H,6,7,0.0752,13719,1694
PlateA_T0_Dip_Trial3,2024-02_Peffect_Trial3,H7,H,7,7,0.0927,597289,10449
PlateA_T0_Dip_Trial3,2024-02_Peffect_Trial3,H8,H,8,7,0.0953,145897,112972
PlateA_T0_Dip_Trial3,2024-02_Peffect_Trial3,H9,H,9,7,0.0933,203798,14402
PlateA_T0_Dip_Trial3,2024-02_Peffect_Trial3,H10,H,10,7,0.129,80942,206721
PlateA_T0_Dip_Trial3,2024-02_Peffect_Trial3,H11,H,11,7,0.0942,163988,23148
PlateA_T0_Dip_Trial3,2024-02_Peffect_Trial3,H12,H,12,7,0.0969,233136,31321
PlateB_T3h_Trial3,2024-02_Peffect_Trial3,A1,A,1,7,0.0882,133545,19945
PlateB_T3h_Trial3,2024-02_Peffect_Trial3,A2,A,2,7,0.0907,109959,11161
PlateB_T3h_Trial3,2024-02_Peffect_Trial3,A3,A,3,7,0.0934,169954,21828
PlateB_T3h_Trial3,2024-02_Peffect_Trial3,A4,A,4,7,0.0952,148993,12891
PlateB_T3h_Trial3,2024-02_Peffect_Trial3,A5,A,5,7,0.1112,375156,16831
PlateB_T3h_Trial3,2024-02_Peffect_Trial3,A6,A,6,7,0.0907,365436,21048
PlateB_T3h_Trial3,2024-02_Peffect_Trial3,A7,A,7,7,0.114,298317,7300
PlateB_T3h_Trial3,2024-02_Peffect_Trial3,A8,A,8,7,0.0946,156017,5616
PlateB_T3h_Trial3,2024-02_Peffect_Trial3,A9,A,9,7,0.1359,397673,9831
PlateB_T3h_Trial3,2024-02_Peffect_Trial3,A10,A,10,7,0.1165,246253,7303
PlateB_T3h_Trial3,2024-02_Peffect_Trial3,A11,A,11,7,0.1172,265347,8990
PlateB_T3h_Trial3,2024-02_Peffect_Trial3,A12,A,12,7,0.1068,210772,5058
PlateB_T3h_Trial3,2024-02_Peffect_Trial3,B1,B,1,7,0.0898,201713,15741
PlateB_T3h_Trial3,2024-02_Peffect_Trial3,B2,B,2,7,0.0929,212176,12368
PlateB_T3h_Trial3,2024-02_Peffect_Trial3,B3,B,3,7,0.1069,367402,14898
PlateB_T3h_Trial3,2024-02_Peffect_Trial3,B4,B,4,7,0.0975,240759,17144
PlateB_T3h_Trial3,2024-02_Peffect_Trial3,B5,B,5,7,0.1162,278044,39068
PlateB_T3h_Trial3,2024-02_Peffect_Trial3,B6,B,6,7,0.1174,315879,37380
PlateB_T3h_Trial3,2024-02_Peffect_Trial3,B7,B,7,7,0.1288,468910,7026
PlateB_T3h_Trial3,2024-02_Peffect_Trial3,B8,B,8,7,0.144,502472,8712
PlateB_T3h_Trial3,2024-02_Peffect_Trial3,B9,B,9,7,0.1114,333800,8712
PlateB_T3h_Trial3,2024-02_Peffect_Trial3,B10,B,10,7,0.1122,331601,8148
PlateB_T3h_Trial3,2024-02_Peffect_Trial3,B11,B,11,7,0.1075,219639,10955
PlateB_T3h_Trial3,2024-02_Peffect_Trial3,B12,B,12,7,0.1,239330,7301
PlateB_T3h_Trial3,2024-02_Peffect_Trial3,C1,C,1,7,0.1026,31724,205068
PlateB_T3h_Trial3,2024-02_Peffect_Trial3,C2,C,2,7,0.102,26576,315318
PlateB_T3h_Trial3,2024-02_Peffect_Trial3,C3,C,3,7,0.1052,29394,196762
PlateB_T3h_Trial3,2024-02_Peffect_Trial3,C4,C,4,7,0.1215,30143,276099
PlateB_T3h_Trial3,2024-02_Peffect_Trial3,C5,C,5,7,0.1342,28020,247130
PlateB_T3h_Trial3,2024-02_Peffect_Trial3,C6,C,6,7,0.1189,39073,177695
PlateB_T3h_Trial3,2024-02_Peffect_Trial3,C7,C,7,7,0.1201,16410,116390
PlateB_T3h_Trial3,2024-02_Peffect_Trial3,C8,C,8,7,0.127,21357,122300
PlateB_T3h_Trial3,2024-02_Peffect_Trial3,C9,C,9,7,0.1327,20051,128201
PlateB_T3h_Trial3,2024-02_Peffect_Trial3,C10,C,10,7,0.1586,19570,99257
PlateB_T3h_Trial3,2024-02_Peffect_Trial3,C11,C,11,7,0.1265,20259,91107
PlateB_T3h_Trial3,2024-02_Peffect_Trial3,C12,C,12,7,0.1478,16071,82100
PlateB_T3h_Trial3,2024-02_Peffect_Trial3,D1,D,1,7,0.1006,28851,144544
PlateB_T3h_Trial3,2024-02_Peffect_Trial3,D2,D,2,7,0.1069,45476,304597
PlateB_T3h_Trial3,2024-02_Peffect_Trial3,D3,D,3,7,0.1011,34004,255360
PlateB_T3h_Trial3,2024-02_Peffect_Trial3,D4,D,4,7,0.1267,39229,278417
PlateB_T3h_Trial3,2024-02_Peffect_Trial3,D5,D,5,7,0.1221,39843,246066
PlateB_T3h_Trial3,2024-02_Peffect_Trial3,D6,D,6,7,0.1127,35990,212885
PlateB_T3h_Trial3,2024-02_Peffect_Trial3,D7,D,7,7,0.1177,17723,130463
PlateB_T3h_Trial3,2024-02_Peffect_Trial3,D8,D,8,7,0.1269,21092,148740
PlateB_T3h_Trial3,2024-02_Peffect_Trial3,D9,D,9,7,0.112,16211,77326
PlateB_T3h_Trial3,2024-02_Peffect_Trial3,D10,D,10,7,0.0983,18410,70565
PlateB_T3h_Trial3,2024-02_Peffect_Trial3,D11,D,11,7,0.0877,17243,96969
PlateB_T3h_Trial3,2024-02_Peffect_Trial3,D12,D,12,7,0.1207,16898,116886
PlateB_T3h_Trial3,2024-02_Peffect_Trial3,E1,E,1,7,0.1122,475589,4497
PlateB_T3h_Trial3,2024-02_Peffect_Trial3,E2,E,2,7,0.0861,253296,3654
PlateB_T3h_Trial3,2024-02_Peffect_Trial3,E3,E,3,7,0.0965,348798,3655
PlateB_T3h_Trial3,2024-02_Peffect_Trial3,E4,E,4,7,0.0865,312670,4217
PlateB_T3h_Trial3,2024-02_Peffect_Trial3,E5,E,5,7,0.0991,344159,3655
PlateB_T3h_Trial3,2024-02_Peffect_Trial3,E6,E,6,7,0.0911,435862,2250
PlateB_T3h_Trial3,2024-02_Peffect_Trial3,E7,E,7,7,0.1028,619905,4218
PlateB_T3h_Trial3,2024-02_Peffect_Trial3,E8,E,8,7,0.091,210880,2531
PlateB_T3h_Trial3,2024-02_Peffect_Trial3,E9,E,9,7,0.1057,307231,2531
PlateB_T3h_Trial3,2024-02_Peffect_Trial3,E10,E,10,7,0.0867,170783,2250
PlateB_T3h_Trial3,2024-02_Peffect_Trial3,E11,E,11,7,0.096,296466,3094
PlateB_T3h_Trial3,2024-02_Peffect_Trial3,E12,E,12,7,0.1092,431602,5063
PlateB_T3h_Trial3,2024-02_Peffect_Trial3,F1,F,1,7,0.0981,436018,2812
PlateB_T3h_Trial3,2024-02_Peffect_Trial3,F2,F,2,7,0.0949,527519,4500
PlateB_T3h_Trial3,2024-02_Peffect_Trial3,F3,F,3,7,0.0913,386054,2812
PlateB_T3h_Trial3,2024-02_Peffect_Trial3,F4,F,4,7,0.0986,348100,3375
PlateB_T3h_Trial3,2024-02_Peffect_Trial3,F5,F,5,7,0.1187,737473,1688
PlateB_T3h_Trial3,2024-02_Peffect_Trial3,F6,F,6,7,0.0921,477280,2531
PlateB_T3h_Trial3,2024-02_Peffect_Trial3,F7,F,7,7,0.0982,483695,2812
PlateB_T3h_Trial3,2024-02_Peffect_Trial3,F8,F,8,7,0.1105,545946,5905
PlateB_T3h_Trial3,2024-02_Peffect_Trial3,F9,F,9,7,0.0881,193324,2531
PlateB_T3h_Trial3,2024-02_Peffect_Trial3,F10,F,10,7,0.1017,603328,5062
PlateB_T3h_Trial3,2024-02_Peffect_Trial3,F11,F,11,7,0.0948,198809,1968
PlateB_T3h_Trial3,2024-02_Peffect_Trial3,F12,F,12,7,0.1094,352214,2810
PlateB_T3h_Trial3,2024-02_Peffect_Trial3,G1,G,1,7,0.0778,13193,3373
PlateB_T3h_Trial3,2024-02_Peffect_Trial3,G2,G,2,7,0.0814,13815,3093
PlateB_T3h_Trial3,2024-02_Peffect_Trial3,G3,G,3,7,0.0763,16425,1969
PlateB_T3h_Trial3,2024-02_Peffect_Trial3,G4,G,4,7,0.0775,15325,2250
PlateB_T3h_Trial3,2024-02_Peffect_Trial3,G5,G,5,7,0.0744,15668,3376
PlateB_T3h_Trial3,2024-02_Peffect_Trial3,G6,G,6,7,0.0755,12713,2813
PlateB_T3h_Trial3,2024-02_Peffect_Trial3,G7,G,7,7,0.0849,16012,1406
PlateB_T3h_Trial3,2024-02_Peffect_Trial3,G8,G,8,7,0.0842,14295,3938
PlateB_T3h_Trial3,2024-02_Peffect_Trial3,G9,G,9,7,0.0859,16151,3938
PlateB_T3h_Trial3,2024-02_Peffect_Trial3,G10,G,10,7,0.0848,16628,4220
PlateB_T3h_Trial3,2024-02_Peffect_Trial3,G11,G,11,7,0.087,14021,3376
PlateB_T3h_Trial3,2024-02_Peffect_Trial3,G12,G,12,7,0.0846,12990,3938
PlateB_T3h_Trial3,2024-02_Peffect_Trial3,H1,H,1,7,0.0781,10446,2814
PlateB_T3h_Trial3,2024-02_Peffect_Trial3,H2,H,2,7,0.0956,11959,5628
PlateB_T3h_Trial3,2024-02_Peffect_Trial3,H3,H,3,7,0.0783,9690,3376
PlateB_T3h_Trial3,2024-02_Peffect_Trial3,H4,H,4,7,0.0807,14571,3095
PlateB_T3h_Trial3,2024-02_Peffect_Trial3,H5,H,5,7,0.0772,15808,3939
PlateB_T3h_Trial3,2024-02_Peffect_Trial3,H6,H,6,7,0.075,13129,844
PlateB_T3h_Trial3,2024-02_Peffect_Trial3,H7,H,7,7,0.0808,14779,3939
PlateB_T3h_Trial3,2024-02_Peffect_Trial3,H8,H,8,7,0.0837,17317,2532
PlateB_T3h_Trial3,2024-02_Peffect_Trial3,H9,H,9,7,0.0846,14638,3376
PlateB_T3h_Trial3,2024-02_Peffect_Trial3,H10,H,10,7,0.0859,13747,3375
PlateB_T3h_Trial3,2024-02_Peffect_Trial3,H11,H,11,7,0.0856,16154,2812
PlateB_T3h_Trial3,2024-02_Peffect_Trial3,H12,H,12,7,0.0846,15393,3373
PlateC_T6h_Trial3,2024-02_Peffect_Trial3,A1,A,1,7,0.1088,282120,4156
PlateC_T6h_Trial3,2024-02_Peffect_Trial3,A2,A,2,7,0.0854,196132,6698
PlateC_T6h_Trial3,2024-02_Peffect_Trial3,A3,A,3,7,0.0957,187976,6437
PlateC_T6h_Trial3,2024-02_Peffect_Trial3,A4,A,4,7,0.0938,421199,10371
PlateC_T6h_Trial3,2024-02_Peffect_Trial3,A5,A,5,7,0.0954,285962,12064
PlateC_T6h_Trial3,2024-02_Peffect_Trial3,A6,A,6,7,0.1071,290948,6456
PlateC_T6h_Trial3,2024-02_Peffect_Trial3,A7,A,7,7,0.1224,348073,6177
PlateC_T6h_Trial3,2024-02_Peffect_Trial3,A8,A,8,7,0.1289,228722,5336
PlateC_T6h_Trial3,2024-02_Peffect_Trial3,A9,A,9,7,0.1382,380461,4495
PlateC_T6h_Trial3,2024-02_Peffect_Trial3,A10,A,10,7,0.107,451654,7868
PlateC_T6h_Trial3,2024-02_Peffect_Trial3,A11,A,11,7,0.1267,222008,7307
PlateC_T6h_Trial3,2024-02_Peffect_Trial3,A12,A,12,7,0.0938,128876,3372
PlateC_T6h_Trial3,2024-02_Peffect_Trial3,B1,B,1,7,0.0892,257934,6186
PlateC_T6h_Trial3,2024-02_Peffect_Trial3,B2,B,2,7,0.1012,615534,11246
PlateC_T6h_Trial3,2024-02_Peffect_Trial3,B3,B,3,7,0.0923,249083,5342
PlateC_T6h_Trial3,2024-02_Peffect_Trial3,B4,B,4,7,0.0987,361338,14057
PlateC_T6h_Trial3,2024-02_Peffect_Trial3,B5,B,5,7,0.1012,330316,8996
PlateC_T6h_Trial3,2024-02_Peffect_Trial3,B6,B,6,7,0.0951,246713,6466
PlateC_T6h_Trial3,2024-02_Peffect_Trial3,B7,B,7,7,0.1142,445479,6747
PlateC_T6h_Trial3,2024-02_Peffect_Trial3,B8,B,8,7,0.1139,212710,5060
PlateC_T6h_Trial3,2024-02_Peffect_Trial3,B9,B,9,7,0.1255,320529,5059
PlateC_T6h_Trial3,2024-02_Peffect_Trial3,B10,B,10,7,0.1363,530160,3372
PlateC_T6h_Trial3,2024-02_Peffect_Trial3,B11,B,11,7,0.1434,578420,7305
PlateC_T6h_Trial3,2024-02_Peffect_Trial3,B12,B,12,7,0.1034,170625,4212
PlateC_T6h_Trial3,2024-02_Peffect_Trial3,C1,C,1,7,0.0951,25218,114318
PlateC_T6h_Trial3,2024-02_Peffect_Trial3,C2,C,2,7,0.1038,53023,182426
PlateC_T6h_Trial3,2024-02_Peffect_Trial3,C3,C,3,7,0.1063,38776,215645
PlateC_T6h_Trial3,2024-02_Peffect_Trial3,C4,C,4,7,0.1166,36857,165629
PlateC_T6h_Trial3,2024-02_Peffect_Trial3,C5,C,5,7,0.1209,52956,266592
PlateC_T6h_Trial3,2024-02_Peffect_Trial3,C6,C,6,7,0.1046,29526,206126
PlateC_T6h_Trial3,2024-02_Peffect_Trial3,C7,C,7,7,0.0989,23914,128515
PlateC_T6h_Trial3,2024-02_Peffect_Trial3,C8,C,8,7,0.1012,19385,83517
PlateC_T6h_Trial3,2024-02_Peffect_Trial3,C9,C,9,7,0.1073,16577,73121
PlateC_T6h_Trial3,2024-02_Peffect_Trial3,C10,C,10,7,0.1297,22472,105188
PlateC_T6h_Trial3,2024-02_Peffect_Trial3,C11,C,11,7,0.0995,17542,101811
PlateC_T6h_Trial3,2024-02_Peffect_Trial3,C12,C,12,7,0.1064,15963,73956
PlateC_T6h_Trial3,2024-02_Peffect_Trial3,D1,D,1,7,0.0947,23365,95923
PlateC_T6h_Trial3,2024-02_Peffect_Trial3,D2,D,2,7,0.0954,33503,147678
PlateC_T6h_Trial3,2024-02_Peffect_Trial3,D3,D,3,7,0.1124,31313,241077
PlateC_T6h_Trial3,2024-02_Peffect_Trial3,D4,D,4,7,0.1188,43865,363779
PlateC_T6h_Trial3,2024-02_Peffect_Trial3,D5,D,5,7,0.1106,39206,135020
PlateC_T6h_Trial3,2024-02_Peffect_Trial3,D6,D,6,7,0.1155,41456,213798
PlateC_T6h_Trial3,2024-02_Peffect_Trial3,D7,D,7,7,0.0971,21450,85500
PlateC_T6h_Trial3,2024-02_Peffect_Trial3,D8,D,8,7,0.0858,15968,67779
PlateC_T6h_Trial3,2024-02_Peffect_Trial3,D9,D,9,7,0.1091,20214,166522
PlateC_T6h_Trial3,2024-02_Peffect_Trial3,D10,D,10,7,0.1015,17404,108274
PlateC_T6h_Trial3,2024-02_Peffect_Trial3,D11,D,11,7,0.0942,17133,73384
PlateC_T6h_Trial3,2024-02_Peffect_Trial3,D12,D,12,7,0.0989,19946,101442
PlateC_T6h_Trial3,2024-02_Peffect_Trial3,E1,E,1,7,0.0856,192172,1967
PlateC_T6h_Trial3,2024-02_Peffect_Trial3,E2,E,2,7,0.0863,338168,2530
PlateC_T6h_Trial3,2024-02_Peffect_Trial3,E3,E,3,7,0.0875,304935,3375
PlateC_T6h_Trial3,2024-02_Peffect_Trial3,E4,E,4,7,0.0911,297721,3094
PlateC_T6h_Trial3,2024-02_Peffect_Trial3,E5,E,5,7,0.0925,436615,4500
PlateC_T6h_Trial3,2024-02_Peffect_Trial3,E6,E,6,7,0.0991,406464,1969
PlateC_T6h_Trial3,2024-02_Peffect_Trial3,E7,E,7,7,0.0938,422553,2813
PlateC_T6h_Trial3,2024-02_Peffect_Trial3,E8,E,8,7,0.1095,511612,2531
PlateC_T6h_Trial3,2024-02_Peffect_Trial3,E9,E,9,7,0.1049,205975,4500
PlateC_T6h_Trial3,2024-02_Peffect_Trial3,E10,E,10,7,0.1037,364883,5908
PlateC_T6h_Trial3,2024-02_Peffect_Trial3,E11,E,11,7,0.0908,497475,1125
PlateC_T6h_Trial3,2024-02_Peffect_Trial3,E12,E,12,7,0.1281,307800,5908
PlateC_T6h_Trial3,2024-02_Peffect_Trial3,F1,F,1,7,0.0947,357179,3658
PlateC_T6h_Trial3,2024-02_Peffect_Trial3,F2,F,2,7,0.0972,579282,4221
PlateC_T6h_Trial3,2024-02_Peffect_Trial3,F3,F,3,7,0.0978,392830,2814
PlateC_T6h_Trial3,2024-02_Peffect_Trial3,F4,F,4,7,0.0866,291973,2532
PlateC_T6h_Trial3,2024-02_Peffect_Trial3,F5,F,5,7,0.1284,560814,2251
PlateC_T6h_Trial3,2024-02_Peffect_Trial3,F6,F,6,7,0.0889,154597,4220
PlateC_T6h_Trial3,2024-02_Peffect_Trial3,F7,F,7,7,0.0885,172995,4502
PlateC_T6h_Trial3,2024-02_Peffect_Trial3,F8,F,8,7,0.0904,254101,2813
PlateC_T6h_Trial3,2024-02_Peffect_Trial3,F9,F,9,7,0.1121,446321,5064
PlateC_T6h_Trial3,2024-02_Peffect_Trial3,F10,F,10,7,0.092,178787,2532
PlateC_T6h_Trial3,2024-02_Peffect_Trial3,F11,F,11,7,0.1045,438924,3094
PlateC_T6h_Trial3,2024-02_Peffect_Trial3,F12,F,12,7,0.1372,191108,1968
PlateC_T6h_Trial3,2024-02_Peffect_Trial3,G1,G,1,7,0.0754,11590,3092
PlateC_T6h_Trial3,2024-02_Peffect_Trial3,G2,G,2,7,0.0758,13989,3094
PlateC_T6h_Trial3,2024-02_Peffect_Trial3,G3,G,3,7,0.0761,13507,3376
PlateC_T6h_Trial3,2024-02_Peffect_Trial3,G4,G,4,7,0.0759,15631,2532
PlateC_T6h_Trial3,2024-02_Peffect_Trial3,G5,G,5,7,0.0875,14605,3377
PlateC_T6h_Trial3,2024-02_Peffect_Trial3,G6,G,6,7,0.08,13097,3095
PlateC_T6h_Trial3,2024-02_Peffect_Trial3,G7,G,7,7,0.0829,14191,2814
PlateC_T6h_Trial3,2024-02_Peffect_Trial3,G8,G,8,7,0.0841,15631,2814
PlateC_T6h_Trial3,2024-02_Peffect_Trial3,G9,G,9,7,0.0855,15840,2814
PlateC_T6h_Trial3,2024-02_Peffect_Trial3,G10,G,10,7,0.0831,15566,2814
PlateC_T6h_Trial3,2024-02_Peffect_Trial3,G11,G,11,7,0.082,13165,4221
PlateC_T6h_Trial3,2024-02_Peffect_Trial3,G12,G,12,7,0.0839,16594,2251
PlateC_T6h_Trial3,2024-02_Peffect_Trial3,H1,H,1,7,0.078,11656,2533
PlateC_T6h_Trial3,2024-02_Peffect_Trial3,H2,H,2,7,0.077,11314,563
PlateC_T6h_Trial3,2024-02_Peffect_Trial3,H3,H,3,7,0.0835,9735,3941
PlateC_T6h_Trial3,2024-02_Peffect_Trial3,H4,H,4,7,0.0799,11796,1970
PlateC_T6h_Trial3,2024-02_Peffect_Trial3,H5,H,5,7,0.0819,12757,2533
PlateC_T6h_Trial3,2024-02_Peffect_Trial3,H6,H,6,7,0.086,13784,1970
PlateC_T6h_Trial3,2024-02_Peffect_Trial3,H7,H,7,7,0.0885,13784,2814
PlateC_T6h_Trial3,2024-02_Peffect_Trial3,H8,H,8,7,0.0839,13300,3658
PlateC_T6h_Trial3,2024-02_Peffect_Trial3,H9,H,9,7,0.0832,15771,3377
PlateC_T6h_Trial3,2024-02_Peffect_Trial3,H10,H,10,7,0.0856,14537,2251
PlateC_T6h_Trial3,2024-02_Peffect_Trial3,H11,H,11,7,0.0857,12068,2813
PlateC_T6h_Trial3,2024-02_Peffect_Trial3,H12,H,12,7,0.0843,14884,2531
PlateD_T24h_read3d_Trial3,2024-02_Peffect_Trial3,A1,A,1,3,0.0911,645313,16168
PlateD_T24h_read3d_Trial3,2024-02_Peffect_Trial3,A2,A,2,3,0.0903,746652,20431
PlateD_T24h_read3d_Trial3,2024-02_Peffect_Trial3,A3,A,3,3,0.0903,801760,14849
PlateD_T24h_read3d_Trial3,2024-02_Peffect_Trial3,A4,A,4,3,0.0872,565544,22008
PlateD_T24h_read3d_Trial3,2024-02_Peffect_Trial3,A5,A,5,3,0.091,423478,16371
PlateD_T24h_read3d_Trial3,2024-02_Peffect_Trial3,A6,A,6,3,0.0855,393317,14594
PlateD_T24h_read3d_Trial3,2024-02_Peffect_Trial3,A7,A,7,3,0.0958,165898,113227
PlateD_T24h_read3d_Trial3,2024-02_Peffect_Trial3,A8,A,8,3,0.1093,481678,127256
PlateD_T24h_read3d_Trial3,2024-02_Peffect_Trial3,A9,A,9,3,0.1029,214708,142195
PlateD_T24h_read3d_Trial3,2024-02_Peffect_Trial3,A10,A,10,3,0.1044,112697,226285
PlateD_T24h_read3d_Trial3,2024-02_Peffect_Trial3,A11,A,11,3,0.097,168302,131202
PlateD_T24h_read3d_Trial3,2024-02_Peffect_Trial3,A12,A,12,3,0.1014,718157,19979
PlateD_T24h_read3d_Trial3,2024-02_Peffect_Trial3,B1,B,1,3,0.0909,704163,14020
PlateD_T24h_read3d_Trial3,2024-02_Peffect_Trial3,B2,B,2,3,0.0907,568482,17898
PlateD_T24h_read3d_Trial3,2024-02_Peffect_Trial3,B3,B,3,3,0.0863,497154,25054
PlateD_T24h_read3d_Trial3,2024-02_Peffect_Trial3,B4,B,4,3,0.0876,409048,16105
PlateD_T24h_read3d_Trial3,2024-02_Peffect_Trial3,B5,B,5,3,0.0925,619995,19385
PlateD_T24h_read3d_Trial3,2024-02_Peffect_Trial3,B6,B,6,3,0.0913,476867,19386
PlateD_T24h_read3d_Trial3,2024-02_Peffect_Trial3,B7,B,7,3,0.0965,238567,141062
PlateD_T24h_read3d_Trial3,2024-02_Peffect_Trial3,B8,B,8,3,0.1084,780488,21770
PlateD_T24h_read3d_Trial3,2024-02_Peffect_Trial3,B9,B,9,3,0.0972,82429,170882
PlateD_T24h_read3d_Trial3,2024-02_Peffect_Trial3,B10,B,10,3,0.1004,203718,138061
PlateD_T24h_read3d_Trial3,2024-02_Peffect_Trial3,B11,B,11,3,0.0909,12375,49779
PlateD_T24h_read3d_Trial3,2024-02_Peffect_Trial3,B12,B,12,3,0.0925,12719,43783
PlateD_T24h_read3d_Trial3,2024-02_Peffect_Trial3,C1,C,1,3,0.1261,22535,175827
PlateD_T24h_read3d_Trial3,2024-02_Peffect_Trial3,C2,C,2,3,0.098,21726,274063
PlateD_T24h_read3d_Trial3,2024-02_Peffect_Trial3,C3,C,3,3,0.1084,24198,311684
PlateD_T24h_read3d_Trial3,2024-02_Peffect_Trial3,C4,C,4,3,0.1008,27409,261321
PlateD_T24h_read3d_Trial3,2024-02_Peffect_Trial3,C5,C,5,3,0.097,19561,212974
PlateD_T24h_read3d_Trial3,2024-02_Peffect_Trial3,C6,C,6,3,0.101,22067,249679
PlateD_T24h_read3d_Trial3,2024-02_Peffect_Trial3,C7,C,7,3,0.0927,13806,163179
PlateD_T24h_read3d_Trial3,2024-02_Peffect_Trial3,C8,C,8,3,0.0925,14882,178091
PlateD_T24h_read3d_Trial3,2024-02_Peffect_Trial3,C9,C,9,3,0.0928,13862,185246
PlateD_T24h_read3d_Trial3,2024-02_Peffect_Trial3,C10,C,10,3,0.0903,16720,182855
PlateD_T24h_read3d_Trial3,2024-02_Peffect_Trial3,C11,C,11,3,0.0929,17259,202853
PlateD_T24h_read3d_Trial3,2024-02_Peffect_Trial3,C12,C,12,3,0.0875,13330,114831
PlateD_T24h_read3d_Trial3,2024-02_Peffect_Trial3,D1,D,1,3,0.0886,13604,134823
PlateD_T24h_read3d_Trial3,2024-02_Peffect_Trial3,D2,D,2,3,0.0985,20375,210908
PlateD_T24h_read3d_Trial3,2024-02_Peffect_Trial3,D3,D,3,3,0.0923,17936,167320
PlateD_T24h_read3d_Trial3,2024-02_Peffect_Trial3,D4,D,4,3,0.0944,16997,196274
PlateD_T24h_read3d_Trial3,2024-02_Peffect_Trial3,D5,D,5,3,0.0926,17064,174185
PlateD_T24h_read3d_Trial3,2024-02_Peffect_Trial3,D6,D,6,3,0.1064,28433,273553
PlateD_T24h_read3d_Trial3,2024-02_Peffect_Trial3,D7,D,7,3,0.1011,15228,239237
PlateD_T24h_read3d_Trial3,2024-02_Peffect_Trial3,D8,D,8,3,0.0945,13473,153023
PlateD_T24h_read3d_Trial3,2024-02_Peffect_Trial3,D9,D,9,3,0.0988,17127,203140
PlateD_T24h_read3d_Trial3,2024-02_Peffect_Trial3,D10,D,10,3,0.0926,14557,163157
PlateD_T24h_read3d_Trial3,2024-02_Peffect_Trial3,D11,D,11,3,0.0909,14291,151802
PlateD_T24h_read3d_Trial3,2024-02_Peffect_Trial3,D12,D,12,3,0.0927,15233,146899
PlateD_T24h_read3d_Trial3,2024-02_Peffect_Trial3,E1,E,1,3,0.0934,888950,2682
PlateD_T24h_read3d_Trial3,2024-02_Peffect_Trial3,E2,E,2,3,0.0967,1003897,2087
PlateD_T24h_read3d_Trial3,2024-02_Peffect_Trial3,E3,E,3,3,0.1001,1056182,4175
PlateD_T24h_read3d_Trial3,2024-02_Peffect_Trial3,E4,E,4,3,0.0994,831836,2684
PlateD_T24h_read3d_Trial3,2024-02_Peffect_Trial3,E5,E,5,3,0.1027,1187107,3280
PlateD_T24h_read3d_Trial3,2024-02_Peffect_Trial3,E6,E,6,3,0.1013,771351,4176
PlateD_T24h_read3d_Trial3,2024-02_Peffect_Trial3,E7,E,7,3,0.1018,465050,2387
PlateD_T24h_read3d_Trial3,2024-02_Peffect_Trial3,E8,E,8,3,0.1004,553039,2685
PlateD_T24h_read3d_Trial3,2024-02_Peffect_Trial3,E9,E,9,3,0.1,426732,2088
PlateD_T24h_read3d_Trial3,2024-02_Peffect_Trial3,E10,E,10,3,0.1003,386633,2088
PlateD_T24h_read3d_Trial3,2024-02_Peffect_Trial3,E11,E,11,3,0.1028,464549,4176
PlateD_T24h_read3d_Trial3,2024-02_Peffect_Trial3,E12,E,12,3,0.0984,321059,2387
PlateD_T24h_read3d_Trial3,2024-02_Peffect_Trial3,F1,F,1,3,0.0988,631996,1790
PlateD_T24h_read3d_Trial3,2024-02_Peffect_Trial3,F2,F,2,3,0.0997,894533,2088
PlateD_T24h_read3d_Trial3,2024-02_Peffect_Trial3,F3,F,3,3,0.1028,1037055,2684
PlateD_T24h_read3d_Trial3,2024-02_Peffect_Trial3,F4,F,4,3,0.1038,948311,2983
PlateD_T24h_read3d_Trial3,2024-02_Peffect_Trial3,F5,F,5,3,0.0824,10024,3282
PlateD_T24h_read3d_Trial3,2024-02_Peffect_Trial3,F6,F,6,3,0.0813,10429,1491
PlateD_T24h_read3d_Trial3,2024-02_Peffect_Trial3,F7,F,7,3,0.1035,513842,2386
PlateD_T24h_read3d_Trial3,2024-02_Peffect_Trial3,F8,F,8,3,0.1045,548772,3579
PlateD_T24h_read3d_Trial3,2024-02_Peffect_Trial3,F9,F,9,3,0.1114,620678,4771
PlateD_T24h_read3d_Trial3,2024-02_Peffect_Trial3,F10,F,10,3,0.0822,10772,2685
PlateD_T24h_read3d_Trial3,2024-02_Peffect_Trial3,F11,F,11,3,0.0833,12457,2385
PlateD_T24h_read3d_Trial3,2024-02_Peffect_Trial3,F12,F,12,3,0.0846,10291,3278
PlateD_T24h_read3d_Trial3,2024-02_Peffect_Trial3,G1,G,1,3,0.0802,10422,4171
PlateD_T24h_read3d_Trial3,2024-02_Peffect_Trial3,G2,G,2,3,0.0765,11261,2087
PlateD_T24h_read3d_Trial3,2024-02_Peffect_Trial3,G3,G,3,3,0.0801,10770,3876
PlateD_T24h_read3d_Trial3,2024-02_Peffect_Trial3,G4,G,4,3,0.0824,11369,4472
PlateD_T24h_read3d_Trial3,2024-02_Peffect_Trial3,G5,G,5,3,0.0807,9686,3578
PlateD_T24h_read3d_Trial3,2024-02_Peffect_Trial3,G6,G,6,3,0.0837,10898,2981
PlateD_T24h_read3d_Trial3,2024-02_Peffect_Trial3,G7,G,7,3,0.081,8600,1491
PlateD_T24h_read3d_Trial3,2024-02_Peffect_Trial3,G8,G,8,3,0.0816,10502,4174
PlateD_T24h_read3d_Trial3,2024-02_Peffect_Trial3,G9,G,9,3,0.0811,10427,1789
PlateD_T24h_read3d_Trial3,2024-02_Peffect_Trial3,G10,G,10,3,0.0831,12189,2981
PlateD_T24h_read3d_Trial3,2024-02_Peffect_Trial3,G11,G,11,3,0.0853,11176,1491
PlateD_T24h_read3d_Trial3,2024-02_Peffect_Trial3,G12,G,12,3,0.0858,11646,3578
PlateD_T24h_read3d_Trial3,2024-02_Peffect_Trial3,H1,H,1,3,0.0811,12055,1789
PlateD_T24h_read3d_Trial3,2024-02_Peffect_Trial3,H2,H,2,3,0.0788,10292,1789
PlateD_T24h_read3d_Trial3,2024-02_Peffect_Trial3,H3,H,3,3,0.077,10496,2386
PlateD_T24h_read3d_Trial3,2024-02_Peffect_Trial3,H4,H,4,3,0.0788,10429,3578
PlateD_T24h_read3d_Trial3,2024-02_Peffect_Trial3,H5,H,5,3,0.0794,11505,2981
PlateD_T24h_read3d_Trial3,2024-02_Peffect_Trial3,H6,H,6,3,0.0806,9686,2981
PlateD_T24h_read3d_Trial3,2024-02_Peffect_Trial3,H7,H,7,3,0.0825,9821,2087
PlateD_T24h_read3d_Trial3,2024-02_Peffect_Trial3,H8,H,8,3,0.0858,9548,2683
PlateD_T24h_read3d_Trial3,2024-02_Peffect_Trial3,H9,H,9,3,0.0839,9956,3278
PlateD_T24h_read3d_Trial3,2024-02_Peffect_Trial3,H10,H,10,3,0.0868,10498,3280
PlateD_T24h_read3d_Trial3,2024-02_Peffect_Trial3,H11,H,11,3,0.0837,12328,2384
PlateD_T24h_read3d_Trial3,2024-02_Peffect_Trial3,H12,H,12,3,0.0829,12190,3276
PlateE_T24h_Trial3,2024-02_Peffect_Trial3,A1,A,1,7,0.1105,294370,8535
PlateE_T24h_Trial3,2024-02_Peffect_Trial3,A2,A,2,7,0.1181,248545,11460
PlateE_T24h_Trial3,2024-02_Peffect_Trial3,A3,A,3,7,0.1166,253413,14367
PlateE_T24h_Trial3,2024-02_Peffect_Trial3,A4,A,4,7,0.0922,175497,14678
PlateE_T24h_Trial3,2024-02_Peffect_Trial3,A5,A,5,7,0.0993,262167,19586
PlateE_T24h_Trial3,2024-02_Peffect_Trial3,A6,A,6,7,0.1203,181258,9799
PlateE_T24h_Trial3,2024-02_Peffect_Trial3,A7,A,7,7,0.1165,93670,70628
PlateE_T24h_Trial3,2024-02_Peffect_Trial3,A8,A,8,7,0.1138,60319,80749
PlateE_T24h_Trial3,2024-02_Peffect_Trial3,A9,A,9,7,0.0967,77939,56246
PlateE_T24h_Trial3,2024-02_Peffect_Trial3,A10,A,10,7,0.1004,139131,42984
PlateE_T24h_Trial3,2024-02_Peffect_Trial3,A11,A,11,7,0.1072,142648,30871
PlateE_T24h_Trial3,2024-02_Peffect_Trial3,A12,A,12,7,0.1075,32998,60591
PlateE_T24h_Trial3,2024-02_Peffect_Trial3,B1,B,1,7,0.0965,188892,9527
PlateE_T24h_Trial3,2024-02_Peffect_Trial3,B2,B,2,7,0.0941,197807,17031
PlateE_T24h_Trial3,2024-02_Peffect_Trial3,B3,B,3,7,0.1128,454278,10102
PlateE_T24h_Trial3,2024-02_Peffect_Trial3,B4,B,4,7,0.111,382892,9525
PlateE_T24h_Trial3,2024-02_Peffect_Trial3,B5,B,5,7,0.1067,322346,22222
PlateE_T24h_Trial3,2024-02_Peffect_Trial3,B6,B,6,7,0.0964,257543,8948
PlateE_T24h_Trial3,2024-02_Peffect_Trial3,B7,B,7,7,0.1004,169290,10679
PlateE_T24h_Trial3,2024-02_Peffect_Trial3,B8,B,8,7,0.1039,89550,53109
PlateE_T24h_Trial3,2024-02_Peffect_Trial3,B9,B,9,7,0.1085,256125,89749
PlateE_T24h_Trial3,2024-02_Peffect_Trial3,B10,B,10,7,0.1157,119421,47609
PlateE_T24h_Trial3,2024-02_Peffect_Trial3,B11,B,11,7,0.1339,134460,147394
PlateE_T24h_Trial3,2024-02_Peffect_Trial3,B12,B,12,7,0.1113,67199,74666
PlateE_T24h_Trial3,2024-02_Peffect_Trial3,C1,C,1,7,0.1027,40466,182228
PlateE_T24h_Trial3,2024-02_Peffect_Trial3,C2,C,2,7,0.1194,25928,266077
PlateE_T24h_Trial3,2024-02_Peffect_Trial3,C3,C,3,7,0.1321,30244,346097
PlateE_T24h_Trial3,2024-02_Peffect_Trial3,C4,C,4,7,0.1426,40912,287277
PlateE_T24h_Trial3,2024-02_Peffect_Trial3,C5,C,5,7,0.123,67513,245986
PlateE_T24h_Trial3,2024-02_Peffect_Trial3,C6,C,6,7,0.1296,34770,178129
PlateE_T24h_Trial3,2024-02_Peffect_Trial3,C7,C,7,7,0.0997,16071,77080
PlateE_T24h_Trial3,2024-02_Peffect_Trial3,C8,C,8,7,0.1122,13774,123565
PlateE_T24h_Trial3,2024-02_Peffect_Trial3,C9,C,9,7,0.1064,14247,98155
PlateE_T24h_Trial3,2024-02_Peffect_Trial3,C10,C,10,7,0.1043,16273,115489
PlateE_T24h_Trial3,2024-02_Peffect_Trial3,C11,C,11,7,0.0985,13639,85743
PlateE_T24h_Trial3,2024-02_Peffect_Trial3,C12,C,12,7,0.0878,11007,62948
PlateE_T24h_Trial3,2024-02_Peffect_Trial3,D1,D,1,7,0.0949,34579,168639
PlateE_T24h_Trial3,2024-02_Peffect_Trial3,D2,D,2,7,0.124,47349,288209
PlateE_T24h_Trial3,2024-02_Peffect_Trial3,D3,D,3,7,0.1246,32358,259334
PlateE_T24h_Trial3,2024-02_Peffect_Trial3,D4,D,4,7,0.1352,43703,233311
PlateE_T24h_Trial3,2024-02_Peffect_Trial3,D5,D,5,7,0.1132,29450,300613
PlateE_T24h_Trial3,2024-02_Peffect_Trial3,D6,D,6,7,0.1143,27824,385536
PlateE_T24h_Trial3,2024-02_Peffect_Trial3,D7,D,7,7,0.1117,17694,220027
PlateE_T24h_Trial3,2024-02_Peffect_Trial3,D8,D,8,7,0.0849,13305,61214
PlateE_T24h_Trial3,2024-02_Peffect_Trial3,D9,D,9,7,0.0886,12967,65546
PlateE_T24h_Trial3,2024-02_Peffect_Trial3,D10,D,10,7,0.0901,14317,75921
PlateE_T24h_Trial3,2024-02_Peffect_Trial3,D11,D,11,7,0.0859,14185,101885
PlateE_T24h_Trial3,2024-02_Peffect_Trial3,D12,D,12,7,0.103,11616,89153
PlateE_T24h_Trial3,2024-02_Peffect_Trial3,E1,E,1,7,0.076,11282,3461
PlateE_T24h_Trial3,2024-02_Peffect_Trial3,E2,E,2,7,0.075,12835,1732
PlateE_T24h_Trial3,2024-02_Peffect_Trial3,E3,E,3,7,0.078,10270,2887
PlateE_T24h_Trial3,2024-02_Peffect_Trial3,E4,E,4,7,0.0745,12700,3176
PlateE_T24h_Trial3,2024-02_Peffect_Trial3,E5,E,5,7,0.0777,13243,4620
PlateE_T24h_Trial3,2024-02_Peffect_Trial3,E6,E,6,7,0.0776,10474,1733
PlateE_T24h_Trial3,2024-02_Peffect_Trial3,E7,E,7,7,0.08,12232,2310
PlateE_T24h_Trial3,2024-02_Peffect_Trial3,E8,E,8,7,0.0792,10543,3177
PlateE_T24h_Trial3,2024-02_Peffect_Trial3,E9,E,9,7,0.0792,12026,2310
PlateE_T24h_Trial3,2024-02_Peffect_Trial3,E10,E,10,7,0.0802,10944,3176
PlateE_T24h_Trial3,2024-02_Peffect_Trial3,E11,E,11,7,0.0804,11218,2888
PlateE_T24h_Trial3,2024-02_Peffect_Trial3,E12,E,12,7,0.0851,10813,3177
PlateE_T24h_Trial3,2024-02_Peffect_Trial3,F1,F,1,7,0.0971,222106,2888
PlateE_T24h_Trial3,2024-02_Peffect_Trial3,F2,F,2,7,0.0902,308687,2311
PlateE_T24h_Trial3,2024-02_Peffect_Trial3,F3,F,3,7,0.0869,295462,1155
PlateE_T24h_Trial3,2024-02_Peffect_Trial3,F4,F,4,7,0.0891,388062,1733
PlateE_T24h_Trial3,2024-02_Peffect_Trial3,F5,F,5,7,0.0898,353079,2888
PlateE_T24h_Trial3,2024-02_Peffect_Trial3,F6,F,6,7,0.085,304313,2888
PlateE_T24h_Trial3,2024-02_Peffect_Trial3,F7,F,7,7,0.0936,179448,3466
PlateE_T24h_Trial3,2024-02_Peffect_Trial3,F8,F,8,7,0.0959,161365,5199
PlateE_T24h_Trial3,2024-02_Peffect_Trial3,F9,F,9,7,0.0993,123273,4909
PlateE_T24h_Trial3,2024-02_Peffect_Trial3,F10,F,10,7,0.0952,109013,4043
PlateE_T24h_Trial3,2024-02_Peffect_Trial3,F11,F,11,7,0.089,88875,3464
PlateE_T24h_Trial3,2024-02_Peffect_Trial3,F12,F,12,7,0.1097,303908,4040
PlateE_T24h_Trial3,2024-02_Peffect_Trial3,G1,G,1,7,0.0856,259105,2596
PlateE_T24h_Trial3,2024-02_Peffect_Trial3,G2,G,2,7,0.0897,435895,3464
PlateE_T24h_Trial3,2024-02_Peffect_Trial3,G3,G,3,7,0.0893,547884,1444
PlateE_T24h_Trial3,2024-02_Peffect_Trial3,G4,G,4,7,0.0888,453348,3466
PlateE_T24h_Trial3,2024-02_Peffect_Trial3,G5,G,5,7,0.0921,367205,2599
PlateE_T24h_Trial3,2024-02_Peffect_Trial3,G6,G,6,7,0.0895,572681,2600
PlateE_T24h_Trial3,2024-02_Peffect_Trial3,G7,G,7,7,0.097,307402,3755
PlateE_T24h_Trial3,2024-02_Peffect_Trial3,G8,G,8,7,0.094,199438,2888
PlateE_T24h_Trial3,2024-02_Peffect_Trial3,G9,G,9,7,0.0945,197950,4910
PlateE_T24h_Trial3,2024-02_Peffect_Trial3,G10,G,10,7,0.0957,128756,4044
PlateE_T24h_Trial3,2024-02_Peffect_Trial3,G11,G,11,7,0.0878,92463,2022
PlateE_T24h_Trial3,2024-02_Peffect_Trial3,G12,G,12,7,0.0945,186859,3755
PlateE_T24h_Trial3,2024-02_Peffect_Trial3,H1,H,1,7,0.076,8921,1444
PlateE_T24h_Trial3,2024-02_Peffect_Trial3,H2,H,2,7,0.0763,8515,2022
PlateE_T24h_Trial3,2024-02_Peffect_Trial3,H3,H,3,7,0.0819,10068,1444
PlateE_T24h_Trial3,2024-02_Peffect_Trial3,H4,H,4,7,0.0797,10206,3178
PlateE_T24h_Trial3,2024-02_Peffect_Trial3,H5,H,5,7,0.0795,10477,2600
PlateE_T24h_Trial3,2024-02_Peffect_Trial3,H6,H,6,7,0.0788,9665,2022
PlateE_T24h_Trial3,2024-02_Peffect_Trial3,H7,H,7,7,0.0878,13179,3178
PlateE_T24h_Trial3,2024-02_Peffect_Trial3,H8,H,8,7,0.0842,11422,1155
PlateE_T24h_Trial3,2024-02_Peffect_Trial3,H9,H,9,7,0.0819,11692,2022
PlateE_T24h_Trial3,2024-02_Peffect_Trial3,H10,H,10,7,0.0842,13179,1444
PlateE_T24h_Trial3,2024-02_Peffect_Trial3,H11,H,11,7,0.0832,12300,1733
PlateE_T24h_Trial3,2024-02_Peffect_Trial3,H12,H,12,7,0.0812,11693,3464
